ZA-Information 59	79.37999725341797	49.13330078125	13.97998046875	112.10701751708984	0
143	495.4653625488281	49.13330078125	13.97998046875	23.346588134765625	1
Zur Auswertung haushaltsbezogener Merkmale mit dem	79.37999725341797	155.88519287109375	18.0	436.3847122192383	2
ALLBUS 2004	79.37999725341797	185.88580322265625	18.0	112.50177764892578	3
von Arno Bens	79.37999725341797	219.81427001953125	15.0	95.08501434326172	4
Zusammenfassung	79.37999725341797	261.625	13.97998046875	109.7290267944336	5
Der ALLBUS 2004 wurde als Personenstichprobe aus den Einwohnermelderegistern	79.37999725341797	291.36492919921875	13.02001953125	439.58777618408203	6
erhoben. Für Auswertungen haushaltsbezogener Merkmale und eine damit ver-	79.37997436523438	308.34429931640625	13.02001953125	439.2960510253906	6
bundene Aussage über die Gesamtheit der Privathaushalte in Deutschland ist eine	79.37997436523438	325.3848876953125	13.02001953125	439.6268615722656	6
Transformationsgewichtung notwendig. Der Effekt auf die Merkmalsverteilungen, der	79.37998962402344	342.3642883300781	13.019989013671875	439.52784729003906	6
sich durch die Gewichtung beim Wechsel der Untersuchungseinheiten (von Personen	79.37998962402344	359.3436584472656	13.019989013671875	439.57606506347656	6
auf Haushalte) ergibt, ist bei Merkmalen, die in engem Zusammenhang mit der (re-	79.37997436523438	376.3842468261719	13.019989013671875	439.3129577636719	6
duzierten) Haushaltsgröße stehen, stärker. Die Berechnung des Gewichtes wird	79.37995910644531	393.3636169433594	13.019989013671875	439.3599090576172	6
erläutert und eine Auswertung von Haushaltseckdaten im ALLBUS 2004 durchge-	79.37995910644531	410.3429870605469	13.019989013671875	439.36253356933594	6
führt. Ein Vergleich mit der amtlichen Statistik zeigt weitgehend übereinstimmende	79.37995910644531	427.3835754394531	13.019989013671875	439.40159606933594	6
Verteilungen der betrachteten Merkmale.	79.37998962402344	444.3629455566406	13.019989013671875	215.21543884277344	6
The ALLBUS 2004 survey was conducted using a sample of individuals taken from	79.37998962402344	471.7830505371094	13.019989013671875	439.4107208251953	7
municipal registers of residents. Therefore, a transformation weight needs to be	79.37997436523438	489.7232971191406	13.019989013671875	439.4627990722656	7
applied for analyses of household related variables aiming to make statements	79.37998962402344	507.6635437011719	13.019989013671875	439.4914093017578	7
about the totality of private households in Germany. When using a transformation	79.37997436523438	525.603759765625	13.019989013671875	439.4523620605469	7
weight to shift the unit of analysis from individuals to households, the effect on the	79.37994384765625	543.5440673828125	13.019989013671875	439.464111328125	7
results will vary with the strength of relationship of the variable in focus with the	79.37994384765625	561.4842529296875	13.019989013671875	439.35467529296875	7
(reduced) size of household: the closer the relationship of the analyzed data with	79.37991333007812	579.4244995117188	13.020004272460938	439.4679870605469	7
the (reduced) size of household, the stronger the effect of weighting will be on the	79.37992858886719	597.36474609375	13.020004272460938	439.4068145751953	7
results. The construction of a suitable transformation weight is explained, which is	79.37991333007812	615.3050537109375	13.020004272460938	439.4159240722656	7
then used in an exemplary analysis of basic household data. A comparison shows	79.37991333007812	633.2453002929688	13.020004272460938	439.5004577636719	7
the results to be widely consistent with official census data.	79.37991333007812	651.185546875	13.020004272460938	308.3839416503906	7
144	79.37999725341797	49.13330078125	13.97998046875	23.34101104736328	8
1	79.37999725341797	101.337646484375	13.02001953125	6.510002136230469	9
Einleitung	107.75969696044922	101.337646484375	13.02001953125	57.793174743652344	10
ZA-Information 59	406.75665283203125	49.13330078125	13.97998046875	112.0650634765625	11
Bei der Auswertung von ALLBUS-Daten sind zwei Arten von Fragestellungen zu	79.3800048828125	130.42083740234375	13.02001953125	439.5240478515625	12
unterscheiden: Die Untersuchung von personenbezogenen Merkmalen und Einstel-	79.37998962402344	147.40020751953125	13.02001953125	439.3689727783203	12
lungen, sowie die Beschreibung und Verteilung verschiedener Haushalte in	79.37869262695312	164.37957763671875	13.02001953125	439.4640808105469	12
Deutschland. Die Untersuchungseinheiten, über die eine Aussage gemacht werden	79.37867736816406	181.420166015625	13.02001953125	439.4185028076172	12
soll, sind also Personen oder Haushalte. Die Relevanz der betrachteten Unter-	79.378662109375	198.3995361328125	13.02001953125	439.34295654296875	12
suchungseinheit bei einfachen Fragestellungen soll zunächst an einem Beispiel	79.37864685058594	215.37890625	13.02001953125	439.4328155517578	12
verdeutlicht werden.	79.37863159179688	232.41949462890625	13.02001953125	106.9150390625	12
Tabelle 1	79.37863159179688	258.9564208984375	13.02001953125	50.910797119140625	13
Unterschiedliche Fragestellungen in Abhängigkeit von der	150.298583984375	258.99981689453125	13.02001953125	304.3398742675781	14
Untersuchungseinheit	150.298583984375	272.9793701171875	13.02001953125	113.421142578125	14
Haushaltsebene:	87.12000274658203	303.58502197265625	10.98004150390625	72.05243682861328	15
Beispiel für eine Fragestellung:	105.00041198730469	316.24493408203125	10.98004150390625	138.50393676757812	15
• Wie viele deutsche (Privat-)Haushalte sind Mehrpersonenhaushalte?	105.1200942993164	329.03173828125	11.57342529296875	320.80379486083984	15
Wie hoch ist der Anteil der Mehrpersonenhaushalte in Deutschland?	123.11964416503906	342.2542419433594	11.0108642578125	301.80836486816406	15
Antwort:	104.99826049804688	354.945068359375	10.97998046875	39.71028137207031	15
• Im Jahr 2004 waren es etwa 24,6 Millionen Privathaushalte oder 62,8 %	105.1179428100586	367.7911376953125	11.57342529296875	336.0944595336914	15
(Ergebnisse des Mikrozensus 2004, hochgerechnet).	123.1174545288086	381.04449462890625	10.980010986328125	229.72132110595703	15
Personenebene:	87.11732482910156	406.3643798828125	10.98065185546875	68.9951171875	16
Beispiel für eine Fragestellung:	105.00054168701172	418.964599609375	10.97998046875	138.5039291381836	16
• Wie viele Personen in Deutschland leben in privaten Mehrpersonenhaushalten?	105.12022399902344	431.8106689453125	11.57342529296875	368.6502227783203	16
Welcher Anteil der Bevölkerung lebt in einem Mehrpersonenhaushalt?	123.12083435058594	445.0331726074219	11.0108642578125	310.1586456298828	16
Antwort:	104.99943542480469	457.7239990234375	10.97998046875	39.71026611328125	16
• Im Jahr 2004 waren es etwa 68,3 Millionen Personen oder 82,4 % der Bevölkerung	105.1191177368164	470.570068359375	11.57342529296875	384.9565658569336	16
in Privathaushalten (Ergebnisse des Mikrozensus 2004, hochgerechnet)	123.11863708496094	483.88385009765625	10.97998046875	314.30580139160156	16
Quelle der Daten: Mikrozensus 2004, Statistisches Bundesamt 2005a	79.37999725341797	516.2249755859375	10.980010986328125	304.2492446899414	17
Obwohl beide in dem Beispiel dargestellten Fragestellungen dasselbe Merkmal	79.37999725341797	542.8616943359375	13.019989013671875	439.54615020751953	18
betreffen (Ein- oder Mehrpersonenhaushalt?), kommt es zu verschiedenen Ergeb-	79.3800048828125	559.9022216796875	13.019989013671875	439.56036376953125	18
nissen. Dies ist intuitiv einleuchtend: Bei einer Betrachtung auf Personenebene	79.378662109375	576.881591796875	13.020004272460938	439.40032958984375	18
werden alle Bewohner eines konkreten Mehrpersonenhaushaltes als einzelne Fälle	79.378662109375	593.8609619140625	13.020004272460938	439.32867431640625	18
mit dem Merkmal „Mehrpersonenhaushalt“ gezählt, während bei einer Haus-	79.37867736816406	610.9015502929688	13.020004272460938	439.5369110107422	18
haltsauswertung dieser Haushalt nur einmal in die Analyse eingeht. Es ist daher	79.378662109375	627.8809814453125	13.020004272460938	439.38458251953125	18
zwingend gegeben, dass der Anteil der Mehrpersonenhaushalte unter Personen höher	79.378662109375	644.8603515625	13.020004272460938	439.54730224609375	18
ausfällt als unter Haushalten. Die ALLBUS-Surveys enthalten vornehmlich Items	79.37863159179688	661.90087890625	13.020004272460938	439.4302062988281	18
zu persönlichen Einstellungen und Merkmalen, deren Auswertung gewöhnlich nur	79.37863159179688	678.8803100585938	13.020004272460938	439.4966125488281	18
auf Personenebene sinnvoll ist. Bei einigen haushaltsbezogenen Merkmalen wird	79.37861633300781	695.8596801757812	13.020004272460938	439.46275329589844	18
evtl. eine Aussage in Bezug auf die Gesamtheit der Haushalte gewünscht (Tabelle	79.37860107421875	712.9002685546875	13.020004272460938	439.3807373046875	18
2). Bei der Erhebung dieser Merkmale dient im ALLBUS der/die Befragte als Aus-	79.37858581542969	729.879638671875	13.019996643066406	439.40675354003906	18
kunftsperson für den gesamten Haushalt, in dem er/sie lebt. Wie ist also der	79.37858581542969	746.8590087890625	13.019996643066406	439.38197326660156	18
ZA-Information 59	79.37999725341797	49.13330078125	13.97998046875	112.10701751708984	19
145	495.4653625488281	49.13330078125	13.97998046875	23.346588134765625	20
Wechsel der Untersuchungseinheit bei einer Personenstichprobe hin zu einer haus-	79.37999725341797	101.38104248046875	13.02001953125	439.5499954223633	21
haltsbezogenen Analyse zu vollziehen, wenn ein Fall im Datensatz sowohl eine	79.3800048828125	118.421630859375	13.02001953125	439.49273681640625	21
Person als auch einen Haushalt repräsentiert?	79.3800048828125	135.40234375	13.02001953125	235.7987060546875	21
Tabelle 2	79.3800048828125	161.93927001953125	13.02001953125	50.910797119140625	22
Haushaltsbezogene Merkmale im ALLBUS 2004	150.29995727539062	161.982666015625	13.02001953125	257.0838317871094	23
•	105.12000274658203	192.77166748046875	10.97998046875	5.039817810058594	24
•	105.00032043457031	237.47119140625	10.97998046875	5.039817810058594	25
•	105.00251770019531	294.8909912109375	10.97998046875	5.039817810058594	26
•	105.00471496582031	352.25042724609375	10.980010986328125	5.039817810058594	27
Haushaltszusammensetzung	123.11951446533203	193.36505126953125	10.98004150390625	124.03777313232422	28
o Anzahl der Haushaltspersonen (V477 – V482)	141.11903381347656	206.02496337890625	12.8040771484375	222.4470977783203	28
o Haushalts- und Familientypologie (V888 – V890)	141.12013244628906	218.68487548828125	12.8040771484375	237.65992736816406	28
Haushaltseinkommen	123.12061309814453	238.0645751953125	10.98004150390625	95.31299591064453	28
o Haushaltsnettoeinkommen (V553 – V558)	141.12013244628906	250.7244873046875	12.8040771484375	205.29197692871094	28
o Einkommensarten im Haushalt (V559 – V576)	141.12123107910156	263.3843994140625	12.8040771484375	224.2819061279297	28
o Haupteinkommensquelle des Haushaltes (V577)	141.12232971191406	276.0443115234375	12.8040771484375	230.9401397705078	28
Haushaltsausstattung	123.12281036376953	295.484375	10.98004150390625	92.90287017822266	28
o Anzahl der Fernsehgeräte im Haushalt (V40)	141.12232971191406	308.144287109375	12.8040771484375	216.30162048339844	28
o Computer im Haushalt, Anzahl (V209 – V211)	141.12342834472656	320.80419921875	12.8040771484375	225.4907684326172	28
o Internetzugang im Haushalt (V234, V235)	141.12452697753906	333.40374755859375	12.8040771484375	204.7100372314453	28
Wohnverhältnisse	123.12500762939453	352.8438720703125	10.97998046875	79.3656234741211	29
o Typ der Wohnung (V660)	141.12452697753906	365.5037841796875	12.8040771484375	133.21485900878906	29
o Wohnfläche (V660, V661)	141.12562561035156	378.16375732421875	12.804046630859375	136.23106384277344	29
o Hund oder Katze im Haushalt? (V663)	141.12672424316406	390.88409423828125	12.804046630859375	188.88453674316406	29
2	79.38006591796875	437.1586608886719	13.019989013671875	6.510002136230469	30
Wechsel der Analyseebene: von der Personen- zur Haushaltsstichprobe	107.759765625	437.1586608886719	13.019989013671875	395.395263671875	31
Bei den ALLBUS-Surveys wurden zwei unterschiedliche Stichprobenverfahren	79.38006591796875	466.2418212890625	13.019989013671875	439.40167236328125	32
eingesetzt. Die neueren Erhebungen wie der ALLBUS 2004 basieren auf einer Per-	79.38008117675781	483.22119140625	13.019989013671875	439.38853454589844	32
sonenstichprobe, die aus den Einwohnermelderegistern gezogen wurde, während in	79.38006591796875	500.2005920410156	13.019989013671875	439.5057373046875	32
den früheren Surveys eine Haushaltsstichprobe nach dem ADM-Design zum Ein-	79.38005065917969	517.2410888671875	13.019989013671875	439.43800354003906	32
satz kam1. Der hier relevante Unterschied der Verfahren wird exemplarisch in	79.38003540039062	531.670166015625	15.571380615234375	439.3963317871094	32
Tabelle 3 verdeutlicht: Angenommen, aus der dargestellten Grundgesamtheit von	79.37997436523438	551.200927734375	13.019989013671875	439.4172668457031	32
fünf Haushalten mit insgesamt acht erwachsenen und zwei minderjährigen Bewohnern	79.37998962402344	568.241455078125	13.019989013671875	439.53578186035156	32
werde ein Haushalt zufällig ausgewählt und das Merkmal „Größe des Haushaltes“	79.37998962402344	585.2208862304688	13.020004272460938	439.50575256347656	32
(HHGr.) gemessen. In diesem, einer Haushaltsstichprobe entsprechenden Verfahren,	79.37872314453125	602.2002563476562	13.020004272460938	439.455078125	32
wäre die Auswahlwahrscheinlichkeit für jeden Haushalt gleich ein Fünftel. Beim Vor-	79.37872314453125	619.2408447265625	13.020004272460938	439.456298828125	32
liegen einer Liste aller erwachsenen Bewohner (Kinder nicht zur Grundgesamtheit	79.37872314453125	636.22021484375	13.020004272460938	439.39898681640625	32
gerechnet) könnte zufällig eine dieser Personen ausgewählt werden, um Auskunft	79.37872314453125	653.1995849609375	13.020004272460938	439.382080078125	32
über ihren Haushalt zu geben. Bei diesem, einer Personenstichprobe entsprechenden	79.37744140625	670.2401733398438	13.020004272460938	439.370361328125	32
Verfahren, ist die Auswahlwahrscheinlichkeit für einen konkreten Haushalt pro-	79.37744140625	687.2195434570312	13.020004272460938	439.52655029296875	32
1 Details zu den eingesetzten Stichprobenverfahren finden sich z.B. bei Koch 1997a und in den	79.37999725341797	738.357177734375	11.027915954589844	439.28577423095703	33
Methodenberichten der ALLBUS-Surveys, z.B. Haarmann et al. 2006 für die Personenstich-	93.60040283203125	749.337158203125	11.027915954589844	425.1663818359375	33
probe des ALLBUS 2004.	93.59930419921875	760.4254760742188	10.980003356933594	115.52278137207031	33
146	79.37999725341797	49.13330078125	13.97998046875	23.34101104736328	34
b	84.77999877929688	367.53570556640625	19.980010986328125	0.0	35
1 b	84.77999877929688	225.095703125	19.97998046875	11.819999694824219	36
2 b	84.77999877929688	249.15557861328125	19.97998046875	11.819999694824219	36
3 b	84.77999877929688	273.15557861328125	19.97998046875	11.819999694824219	36
4 b	84.77999877929688	297.15557861328125	19.97998046875	11.819999694824219	36
5 b	84.77999877929688	321.15570068359375	19.980010986328125	11.819999694824219	36
Haushalt	121.13999938964844	212.2650146484375	10.98004150390625	39.041595458984375	37
b	136.55999755859375	229.89569091796875	13.98004150390625	0.0	38
b	156.60000610351562	277.95556640625	13.98004150390625	0.0	39
Summe:	96.59996795654297	346.66168212890625	13.019989013671875	37.159584045410156	40
ZA-Information 59	406.75665283203125	49.13330078125	13.97998046875	112.0650634765625	41
portional zur reduzierten Haushaltsgröße (red. HHGr., Zahl der Erwachsenen im	79.37999725341797	101.38104248046875	13.02001953125	439.4210891723633	42
Haushalt). Die Erwartungswerte für die gemessene Haushaltsgröße unterscheiden	79.3800048828125	118.421630859375	13.02001953125	439.40411376953125	42
sich deutlich bei den beiden Verfahren.	79.3800048828125	135.40234375	13.02001953125	204.39837646484375	42
Tabelle 3	79.3800048828125	161.93927001953125	13.02001953125	50.910797119140625	43
Unterschiedliche Haushalte und ihre Auswahlwahrscheinlichkeiten	150.29995727539062	161.982666015625	13.02001953125	349.4334411621094	44
bei Personen- oder Haushaltsstichprobe	150.29995727539062	176.02215576171875	13.02001953125	206.18215942382812	44
HHGr	198.94317626953125	212.2650146484375	10.98004150390625	27.44232177734375	45
3	209.94000244140625	230.86505126953125	10.98004150390625	5.4900054931640625	45
1	209.94000244140625	254.925048828125	10.98004150390625	5.4900054931640625	46
4	209.94000244140625	278.925048828125	10.98004150390625	5.4900054931640625	47
1	209.94000244140625	302.925048828125	10.98004150390625	5.4900054931640625	48
1	209.94000244140625	326.925048828125	10.97998046875	5.4900054931640625	49
10	207.17999267578125	347.62506103515625	10.97998046875	11.007461547851562	50
red.	249.29965209960938	199.6051025390625	10.98004150390625	16.792816162109375	51
HHGr	243.9600830078125	212.2650146484375	10.98004150390625	27.41925048828125	51
2	254.93165588378906	230.86505126953125	10.98004150390625	5.4900054931640625	51
1	254.93165588378906	254.925048828125	10.98004150390625	5.4900054931640625	52
3	254.93165588378906	278.925048828125	10.98004150390625	5.4900054931640625	53
1	254.93165588378906	302.925048828125	10.98004150390625	5.4900054931640625	54
1	254.93165588378906	326.925048828125	10.97998046875	5.4900054931640625	55
8	254.935302734375	347.62506103515625	10.97998046875	5.489990234375	56
Auswahlwahrscheinlichkeit des HH bei …	306.239990234375	200.08502197265625	10.98004150390625	188.09835815429688	57
Haushaltsstichprobe Personenstichprobe	296.27978515625	212.74481201171875	10.98004150390625	207.84368896484375	57
1/5 = 0,200 2/8 = 0,250	315.64337158203125	230.86505126953125	10.98004150390625	170.62149047851562	57
1/5 = 0,200	315.64337158203125	254.925048828125	10.98004150390625	50.559600830078125	58
1/5 = 0,200	315.64337158203125	278.925048828125	10.98004150390625	50.559600830078125	59
1/5 = 0,200	315.64337158203125	302.925048828125	10.98004150390625	50.559600830078125	60
1/5 = 0,200	315.64337158203125	326.925048828125	10.97998046875	50.559600830078125	61
1,000	328.5528869628906	347.62506103515625	10.97998046875	24.7576904296875	62
1/8 = 0,125	435.70526123046875	254.925048828125	10.98004150390625	50.559600830078125	63
3/8 = 0,375	435.70526123046875	278.925048828125	10.98004150390625	50.559600830078125	64
1/8 = 0,125	435.70526123046875	302.925048828125	10.98004150390625	50.559600830078125	65
1/8 = 0,125	435.70526123046875	326.925048828125	10.97998046875	50.559600830078125	66
1,000	448.6180725097656	347.62506103515625	10.97998046875	24.7576904296875	67
: Erwachsene(r) b : Kind	104.76000213623047	372.3357238769531	14.2259521484375	154.13269805908203	68
Erwartungswert für Haushaltsgröße (inkl. Kindern):	84.77955627441406	391.3653564453125	10.97998046875	228.8462371826172	68
bei Haushaltsstichprobe: 0,2 ⋅ 3 + 0,2 ⋅ 1 + 0,2 ⋅ 4 + 0,2 ⋅ 1 + 0,2 ⋅ 1 = 2,0	98.999755859375	406.1922302246094	11.57342529296875	339.5619812011719	68
bei Personenstichprobe: 0,25 ⋅ 3 + 0,125 ⋅ 1 + 0,375 ⋅ 4 + 0,125 ⋅ 1 + 0,125 ⋅ 1 = 2,625	99.00071716308594	421.6712341308594	11.57342529296875	400.0409698486328	68
Obwohl die bei ALLBUS eingesetzten Stichproben wesentlich komplexer (z.B.	79.37999725341797	451.3616638183594	13.019989013671875	439.4185256958008	69
durch Schichtung und mehrere Auswahlstufen) sind, bleibt festzuhalten: Bei den	79.38003540039062	468.3410339355469	13.019989013671875	439.4497375488281	69
Haushaltsstichproben kann jeder Haushalt mit der gleichen Wahrscheinlichkeit aus-	79.38003540039062	485.3204040527344	13.019989013671875	439.3116760253906	69
gewählt werden. Im Gegensatz dazu ist die Wahrscheinlichkeit für einen	79.38003540039062	502.3609924316406	13.019989013671875	439.3742370605469	69
Mehrpersonenhaushalt, in eine Personenstichprobe nach dem ALLBUS-Modell zu	79.38005065917969	519.34033203125	13.019989013671875	439.4068145751953	69
gelangen, um ein Vielfaches höher als für einen Einpersonenhaushalt – beispiels-	79.38006591796875	536.3197021484375	13.019989013671875	439.39239501953125	69
weise für einen Haushalt mit zwei erwachsenen Befragungspersonen genau doppelt	79.38003540039062	553.3603515625	13.019989013671875	439.3990173339844	69
so hoch. Die unterschiedlichen Auswahlwahrscheinlichkeiten der Haushalte bei	79.38003540039062	570.3397216796875	13.019989013671875	439.5174255371094	69
Personenstichproben sind nicht wünschenswert, wenn Auswertungen auf Haus-	79.38003540039062	587.3190307617188	13.020004272460938	439.3299255371094	69
haltsebene durchgeführt werden, die Schätzwerte für die Grundgesamtheit der	79.38003540039062	604.359619140625	13.020004272460938	439.3910827636719	69
Haushalte2 in Deutschland liefern sollen. In diesem Fall ist die Verwendung eines	79.38002014160156	618.790283203125	15.571395874023438	439.4233856201172	69
Designgewichtes (Rösch 1994: 9) zu empfehlen, insbesondere wenn das analysierte	79.38096618652344	638.2642211914062	13.076828002929688	439.39247131347656	69
Merkmal in einem starken Zusammenhang mit der reduzierten Haushaltsgröße	79.3809814453125	655.361572265625	13.020004272460938	439.49530029296875	69
2 Bei Stichproben nach dem ALLBUS-Modell sind dies Privathaushalte mit mindestens einer	79.37999725341797	705.4050903320312	10.980003356933594	439.3626174926758	70
erwachsenen Befragungsperson. Die Abgrenzung des Haushaltes erfolgt dabei bei der Ermitt-	93.60037231445312	716.3850708007812	10.980003356933594	425.1521301269531	70
lung der Kontakthaushalte (in den ALLBUS-Haushaltsstichproben nach ADM-Design) bzw.	93.60037231445312	727.4254760742188	10.980003356933594	425.1598815917969	70
implizit durch die Befragungsperson bei Angabe der Haushaltsliste (in den Personenstichproben	93.60037231445312	738.4054565429688	10.980003356933594	425.1488952636719	70
bei ALLBUS). Für mögliche definitorische Abgrenzungen eines Haushaltes siehe Lengerer,	93.60037231445312	749.3375244140625	11.027915954589844	425.1445007324219	70
Bohr, Janßen 2005.	93.60040283203125	760.3779296875	11.027915954589844	89.85154724121094	70
ZA-Information 59	79.37999725341797	49.13330078125	13.97998046875	112.10701751708984	71
147	495.4653625488281	49.13330078125	13.97998046875	23.346588134765625	72
steht. Dies ist bei vielen haushaltsbezogenen Merkmalen der Fall. Abbildung 1 ver-	79.37999725341797	101.38104248046875	13.02001953125	439.3546829223633	73
deutlicht den Zusammenhang zwischen der gewünschten Untersuchungseinheit,	79.3800048828125	118.421630859375	13.02001953125	439.3846435546875	73
dem verwendeten Stichprobenverfahren und dem aus stichprobentheoretischer Sicht	79.3800048828125	135.40234375	13.02001953125	439.52398681640625	73
notwendigen Einsatz einer Transformationsgewichtung. Insbesondere bei ALLBUS-	79.38002014160156	152.3817138671875	13.02001953125	439.6035614013672	73
Zeitreihen über die verschiedenen Verfahren hinweg sollte eine Gewichtung erwogen	79.38002014160156	169.42230224609375	13.02001953125	439.6241912841797	73
werden. In der Forschungspraxis kann von diesem Schema abgewichen werden.3 Da	79.37997436523438	183.85028076171875	15.5714111328125	439.3804016113281	73
der ALLBUS 2004 eine Personenstichprobe ist und hier Auswertungen haushalts-	79.37960815429688	203.38104248046875	13.02001953125	439.4496765136719	73
bezogener Merkmale insbesondere auf Haushaltsebene durchgeführt werden sollen,	79.37960815429688	220.421630859375	13.02001953125	439.3858947753906	73
wurden die relevanten Felder und das Gewicht in Abbildung 1 hervorgehoben. Bei	79.37960815429688	237.4010009765625	13.02001953125	439.4444885253906	73
dieser Transformationsgewichtung handelt es sich quasi um die Umkehrung des für	79.37962341308594	254.38037109375	13.02001953125	439.3611602783203	73
den ALLBUS 1980 bis 1992 und 1998 verfügbaren Transformationsgewichtes4	79.37960815429688	268.87030029296875	15.5706787109375	439.3802795410156	73
(diagonaler Pfeil im Hintergrund).	79.37999725341797	288.40155029296875	13.02001953125	181.58344268798828	73
Abbildung 1	79.37999725341797	314.9384765625	13.02001953125	69.00078582763672	74
Theoretische Übergänge zwischen Stichprobenverfahren und	164.4591827392578	314.98187255859375	13.02001953125	317.7974090576172	75
Analyseebene. Der ALLBUS 2004 wird zur Untersuchung auf	164.4591827392578	329.02130126953125	13.02001953125	325.02220153808594	75
Haushaltsebene transformationsgewichtet.	164.45919799804688	343.00091552734375	13.019989013671875	220.20986938476562	75
Stichprobenverfahren	201.77999877929688	374.2002258300781	21.63397216796875	187.10641479492188	76
Personenstichprobe	117.72000122070312	415.00341796875	18.028411865234375	140.95086669921875	77
Haushaltsstichprobe	334.6199951171875	415.00341796875	18.028411865234375	145.88516235351562	78
t	173.99607849121094	459.4117736816406	0.0	4.3502197265625	79
e	173.99607849121094	466.2547912597656	0.0	6.947845458984375	79
t	173.99607849121094	470.6097106933594	0.0	4.3502197265625	79
h	173.99607849121094	478.4698791503906	0.0	7.82415771484375	79
c	173.99607849121094	485.3723449707031	0.0	6.947845458984375	79
i	173.99607849121094	489.7272644042969	0.0	4.3502197265625	79
w	173.99607849121094	501.030029296875	0.0	11.298065185546875	79
e	173.99607849121094	507.873046875	0.0	6.947845458984375	79
g	173.99607849121094	515.701904296875	0.0	7.82415771484375	79
n	173.99607849121094	523.53076171875	0.0	7.82415771484375	79
u	173.99607849121094	531.359619140625	0.0	7.82415771484375	79
trans	223.35487365722656	445.38665771484375	26.6495361328125	26.125857830047607	80
form	248.3745574951172	462.5462341308594	23.168792724609375	27.230612754821777	80
ationtisognsgew	273.3932189941406	476.1371154785156	38.544403076171875	70.22486400604248	81
transforma ewich	239.74078369140625	505.1465148925781	47.998077392578125	102.91318893432617	81
ichtet	341.62322998046875	452.5552673339844	30.022979736328125	29.190415859222412	82
tet	341.2517395019531	526.0867919921875	19.268463134765625	13.589961051940918	83
t	439.1960754394531	459.3518981933594	0.0	4.3502197265625	84
e	439.1960754394531	466.1949157714844	0.0	6.947845458984375	84
t	439.1960754394531	470.5498352050781	0.0	4.3502197265625	84
h	439.1960754394531	478.4100036621094	0.0	7.82415771484375	84
c	439.1960754394531	485.3124694824219	0.0	6.947845458984375	84
i	439.1960754394531	489.6673889160156	0.0	4.3502197265625	84
w	439.1960754394531	500.97015380859375	0.0	11.298065185546875	84
e	439.1960754394531	507.81317138671875	0.0	6.947845458984375	84
g	439.1960754394531	515.6420288085938	0.0	7.82415771484375	84
n	439.1960754394531	523.4708251953125	0.0	7.82415771484375	84
u	439.1960754394531	531.2996826171875	0.0	7.82415771484375	84
Untersuchungseinheit:	107.22000122070312	581.9833984375	18.028411865234375	162.09063720703125	85
Personen	155.27931213378906	603.583251953125	18.028396606445312	65.95219421386719	85
Untersuchungseinheit:	326.5199890136719	581.9833984375	18.028411865234375	162.09063720703125	86
Haushalte	371.5199279785156	603.583251953125	18.028396606445312	71.96456909179688	86
Analyseebene	234.7801971435547	640.7801513671875	21.634735107421875	121.09394836425781	87
3 Bei der Verwendung von ALLBUS-Haushaltsstichproben für Auswertungen auf Personenebene	79.37999725341797	710.3850708007812	10.980003356933594	439.3823928833008	88
ist der Effekt der Gewichtung u.U. sehr gering. Teilweise kann aber die Anpassung der Daten	93.59927368164062	721.4254760742188	10.980003356933594	425.0983581542969	88
an den Mikrozensus durch die Transformationsgewichtung verschlechtert werden (vgl. Hart-	93.59928894042969	732.3575439453125	11.027915954589844	425.0280303955078	88
mann 1990: 10, Rothe 1990).	93.59930419921875	743.3375244140625	11.027915954589844	131.37899780273438	88
4 Siehe z.B. Koch et al. 1999: 38, Terwey 2000: 151.	79.37999725341797	760.377197265625	11.027854919433594	239.6595230102539	88
148	79.37999725341797	49.13330078125	13.97998046875	23.34101104736328	89
3	79.37999725341797	101.337646484375	13.02001953125	6.510002136230469	90
Konstruktion des Transformationsgewichtes aus der reduzierten	107.75969696044922	101.337646484375	13.02001953125	358.4496841430664	91
Haushaltsgröße	107.75968933105469	118.37823486328125	13.02001953125	87.43191528320312	91
Wie dargestellt ist die reduzierte Haushaltsgröße ausschlaggebend für die Wahr-	79.37999725341797	147.40155029296875	13.02001953125	439.35071563720703	92
scheinlichkeit, mit der ein Haushalt in die Personenstichprobe gelangt. Der Begriff	79.3800048828125	164.38092041015625	13.02001953125	439.43798828125	92
soll zunächst präzisiert werden: Die reduzierte Haushaltsgröße misst die Anzahl der	79.37869262695312	181.4215087890625	13.02001953125	439.3638000488281	92
Haushaltspersonen, die zur ALLBUS-Grundgesamtheit gehören. Im Allgemeinen	79.37869262695312	198.40087890625	13.02001953125	439.3794860839844	92
ist diese durch alle erwachsenen Personen (Deutsche und Ausländer5) in Privat-	79.37869262695312	212.83026123046875	15.5714111328125	439.3932800292969	92
haushalten definiert. Da bei den Personenstichproben die Auswahl der Zielpersonen	79.37954711914062	232.4222412109375	13.02001953125	439.3833923339844	92
einige Monate vor der Durchführung des Interviews erfolgt, handelt es sich nicht	79.37954711914062	249.401611328125	13.02001953125	439.4588928222656	92
um alle Personen, die zum Interviewzeitpunkt die Volljährigkeit erreicht haben.	79.37954711914062	266.38232421875	13.02001953125	439.4120178222656	92
Vielmehr wird der 1. Januar des Erhebungsjahres als Stichtag verwendet. Für den	79.37826538085938	283.42291259765625	13.02001953125	439.3391418457031	92
ALLBUS 2004 wird die reduzierte Haushaltsgröße also ermittelt, indem alle in der	79.37828063964844	300.40228271484375	13.02001953125	439.39112854003906	92
Haushaltsliste (V483 – V552) aufgeführten Personen, die im Jahr 1985 oder früher	79.3782958984375	317.38165283203125	13.019989013671875	439.3455810546875	92
geboren sind, gezählt werden. Die Haushaltsliste beruht auf Angaben des/der Be-	79.3782958984375	334.4222412109375	13.019989013671875	439.46661376953125	92
fragten und es kommt hier teilweise zu Antwortverweigerungen und fehlenden	79.37831115722656	351.401611328125	13.019989013671875	439.47715759277344	92
Werten. Liegen nicht ausreichend Daten zur Haushaltszusammensetzung vor, so	79.37832641601562	368.3809814453125	13.019989013671875	439.3911437988281	92
kann die reduzierte Haushaltsgröße und damit auch das Transformationsgewicht für	79.37832641601562	385.42156982421875	13.019989013671875	439.4432067871094	92
diese Fälle nicht gebildet werden. Im gewichteten Datensatz sind sie für Auswer-	79.37832641601562	402.40093994140625	13.019989013671875	439.3468322753906	92
tungen auf Haushaltsebene „unsichtbar“. Die Verteilung der reduzierten Haushalts-	79.37832641601562	419.38031005859375	13.019989013671875	439.5369567871094	92
größe für den ALLBUS 2004 ist in Tabelle 4 dargestellt.	79.37834167480469	436.4208984375	13.019989013671875	294.7051239013672	92
Tabelle 4	79.37834167480469	462.9578552246094	13.019989013671875	50.910797119140625	93
Reduzierte Haushaltsgröße im ALLBUS 2004 und Konstruktion des	150.2982940673828	463.001220703125	13.019989013671875	355.69993591308594	94
Transformationsgewichtes	150.29830932617188	476.9808044433594	13.019989013671875	137.95864868164062	94
Reduzierte	100.08000183105469	513.4473876953125	10.019989013671875	46.68418884277344	95
Haushaltsgröße i	87.12013244628906	524.9674072265625	10.019989013671875	72.53878784179688	95
Kehrwert	177.48049926757812	513.4473876953125	10.019989013671875	41.70524597167969	96
wi = 1/i	183.42034912109375	524.95703125	10.708404541015625	29.78521728515625	96
abs. Häufigkeiten	261.1199951171875	501.207275390625	10.019989013671875	75.0628662109375	97
West (niWest)	237.29966735839844	526.8455810546875	12.479888916015625	51.21699523925781	98
Ost (niOst)	311.9935302734375	526.8455810546875	12.479888916015625	40.6031494140625	99
ZA-Information 59	406.75665283203125	49.13330078125	13.97998046875	112.0650634765625	100
Transformationsgewicht	390.5400085449219	499.7673034667969	10.019989013671875	105.03567504882812	101
wi* = wi w	417.11981201171875	511.9494934082031	15.38763427734375	51.21246337890625	101
West	396.4802551269531	539.24755859375	10.019989013671875	21.730377197265625	102
1,78497367	385.98016357421875	555.30078125	10.02001953125	47.549957275390625	102
0,89248683	385.980224609375	570.9608764648438	10.02001953125	47.549957275390625	102
0,59499122	385.98016357421875	586.620849609375	10.020004272460938	47.549957275390625	102
0,44624342	385.980224609375	602.2808837890625	10.020004272460938	47.549957275390625	102
0,35699473	385.98016357421875	617.9408569335938	10.020004272460938	47.549957275390625	102
0,29749561	385.9801940917969	633.5408325195312	10.020004272460938	47.549957275390625	102
0,25499624	385.9801940917969	649.2008666992188	10.020004272460938	47.549957275390625	102
/	441.66033935546875	664.6804809570312	10.020004272460938	2.785552978515625	103
Ost	474.8597106933594	539.24755859375	10.019989013671875	15.04803466796875	104
1,77402522	458.5801086425781	555.30078125	10.02001953125	47.549957275390625	104
0,88701261	458.5801696777344	570.9608764648438	10.02001953125	47.549957275390625	104
0,59134174	458.5801086425781	586.620849609375	10.020004272460938	47.549957275390625	104
0,44350630	458.5801696777344	602.2808837890625	10.020004272460938	47.549957275390625	104
0,35480504	458.5801086425781	617.9408569335938	10.020004272460938	47.549957275390625	104
0,29567087	458.58013916015625	633.5408325195312	10.020004272460938	47.549957275390625	104
0,25343217	458.58013916015625	649.2008666992188	10.020004272460938	47.549957275390625	104
1	124.73976135253906	555.207275390625	10.019989013671875	5.0099945068359375	105
2	124.73976135253906	570.867431640625	10.019989013671875	5.0099945068359375	105
3	124.73976135253906	586.52734375	10.020004272460938	5.0099945068359375	105
4	124.73976135253906	602.1873779296875	10.020004272460938	5.0099945068359375	105
5	124.73976135253906	617.847412109375	10.019989013671875	5.0099945068359375	105
6	124.73976135253906	633.4473876953125	10.019989013671875	5.0099945068359375	105
7	124.73976135253906	649.107421875	10.019989013671875	5.0099945068359375	105
fehlende Angaben	84.77999877929688	664.767333984375	10.019989013671875	75.41352844238281	105
Valide Fälle	84.77999877929688	680.9073486328125	10.020004272460938	51.467742919921875	105
Mittelwert w	84.77999877929688	695.6528930664062	12.07379150390625	58.03321838378906	105
1,0000	187.50003051757812	555.120361328125	10.02001953125	27.509902954101562	106
0,5000	187.50003051757812	570.780517578125	10.02001953125	27.509902954101562	106
0,3333	187.50003051757812	586.4404907226562	10.020004272460938	27.509902954101562	106
0,2500	187.50003051757812	602.1004638671875	10.020004272460938	27.509902954101562	106
0,2000	187.50003051757812	617.760498046875	10.020004272460938	27.509902954101562	106
0,1667	187.50003051757812	633.3604736328125	10.020004272460938	27.509902954101562	106
0,1429	187.50003051757812	649.0205078125	10.020004272460938	27.509902954101562	106
/	196.91983032226562	664.6804809570312	10.020004272460938	2.785552978515625	106
393	263.519775390625	555.30078125	10.02001953125	15.029998779296875	107
1155	258.5398254394531	570.9608764648438	10.02001953125	20.00994873046875	107
275	263.519775390625	586.620849609375	10.020004272460938	15.029998779296875	107
95	268.49969482421875	602.2808837890625	10.020004272460938	10.050079345703125	107
25	268.49969482421875	617.9408569335938	10.020004272460938	10.050079345703125	107
5	273.5397644042969	633.5408325195312	10.020004272460938	5.010009765625	107
1	273.5397644042969	649.2008666992188	10.020004272460938	5.010009765625	107
33	268.49969482421875	664.86083984375	10.020004272460938	10.050079345703125	107
1949	258.5398254394531	681.0008544921875	10.020004272460938	20.00994873046875	107
0,5602	251.04006958007812	698.1614990234375	10.020004272460938	27.5098876953125	107
199	330.5996398925781	555.30078125	10.02001953125	15.029998779296875	108
532	330.59967041015625	570.9608764648438	10.02001953125	15.029998779296875	108
168	330.5996398925781	586.620849609375	10.020004272460938	15.029998779296875	108
37	335.57958984375	602.2808837890625	10.020004272460938	10.050079345703125	108
5	340.61962890625	617.9408569335938	10.020004272460938	5.010009765625	108
1	340.6196594238281	633.5408325195312	10.020004272460938	5.010009765625	108
1	340.6196594238281	649.2008666992188	10.020004272460938	5.010009765625	108
21	335.57958984375	664.86083984375	10.020004272460938	10.050079345703125	108
943	330.59967041015625	681.0008544921875	10.020004272460938	15.029998779296875	108
0,5637	318.1199645996094	698.1614990234375	10.020004272460938	27.509918212890625	108
5 Ausländer werden erst seit 1991 im ALLBUS befragt.	79.37999725341797	760.425048828125	10.980003356933594	252.53247833251953	109
ZA-Information 59	79.37999725341797	49.13330078125	13.97998046875	112.10701751708984	110
149	495.4653625488281	49.13330078125	13.97998046875	23.346588134765625	111
Zur Transformationsgewichtung muss jeder Fall nun mit der reziproken reduzierten	79.37999725341797	101.38104248046875	13.02001953125	439.49146270751953	112
Haushaltsgröße gewichtet werden, um die erhöhten Auswahlwahrscheinlichkeiten	79.37998962402344	118.421630859375	13.02001953125	439.3677520751953	112
der größeren Haushalte bei Personenstichproben zu kompensieren. Dies würde je-	79.37998962402344	135.40234375	13.02001953125	439.3546905517578	112
doch zu einer Reduktion der Fallzahl im gewichteten Datensatz führen. Seien ni die	79.3800048828125	152.3450927734375	13.9613037109375	439.37738037109375	112
Häufigkeiten des Auftretens einer reduzierten Haushaltsgröße i und wi = 1/i das zu-	79.38058471679688	169.38507080078125	13.9613037109375	439.3146667480469	112
gehörige Gewicht; die Fallzahl des gewichteten Datensatzes betrüge dann:	79.37960815429688	186.40106201171875	13.02001953125	387.0598449707031	112
ngew = ∑ ni ⋅ wi .	259.6800231933594	206.75238037109375	18.0	80.4749755859375	113
i	296.94000244140625	224.89569091796875	6.999755859375	1.945953369140625	113
Um nach der Gewichtung die gleiche Fallzahl n wie in den ungewichteten Daten zu	79.38003540039062	248.34539794921875	13.056640625	439.4615173339844	114
erhalten, wird ein Gewicht w* berechnet, indem durch den gemeinsamen Mittelwert	79.38131713867188	262.87030029296875	15.57232666015625	439.4267272949219	114
der einfachen Gewichte geteilt wird. Es gilt:	79.37911987304688	282.40106201171875	13.02001953125	229.94622802734375	114
wi = 1i ;	134.52003479003906	304.063232421875	28.766265869140625	34.955963134765625	115
wi* =	198.6600341796875	309.99542236328125	15.3798828125	22.535995483398438	116
n ⋅ wi =	231.9000244140625	304.02947998046875	21.3458251953125	41.975982666015625	117
ngew	225.3600311279297	320.8294677734375	13.845794677734375	17.8782958984375	117
n	296.22003173828125	304.02947998046875	12.0	6.0	118
∑ ni ⋅ wi	278.159423828125	318.052978515625	18.0	40.887451171875	118
i	283.1413879394531	336.19561767578125	6.99981689453125	1.945953369140625	118
⋅ wi = wi ;	323.58001708984375	303.90948486328125	21.4658203125	47.795989990234375	119
w	355.6200256347656	320.8294677734375	12.000030517578125	8.003997802734375	119
∑ ni ⋅ wi* = n	400.32000732421875	308.75238037109375	18.0	62.8800048828125	120
i	405.4800109863281	326.915283203125	6.99981689453125	1.945953369140625	120
Somit tritt bei Verwendung der w*-Gewichte keine Veränderung der Fallzahlen ein.	79.37982177734375	356.8302917480469	15.571380615234375	439.5438232421875	121
Die Fälle in denen keine ausreichenden Informationen zur Bildung der reduzierten	79.38011169433594	376.4222717285156	13.019989013671875	439.4484405517578	121
Haushaltsgröße vorliegen, gehen für Analysen jedoch verloren. Die Berechnung des	79.38009643554688	393.4016418457031	13.019989013671875	439.4029235839844	121
Gewichtes wird für West- und Ostdeutschland getrennt durchgeführt6. Es kann ver-	79.380126953125	407.8302917480469	15.571380615234375	439.31817626953125	121
wendet werden, um haushaltsbezogene Analysen mit dem ALLBUS 2004	79.38009643554688	427.4222717285156	13.019989013671875	439.3846740722656	121
durchzuführen, wenn alte und neue Bundesländer getrennt behandelt werden. Für	79.38009643554688	444.4016418457031	13.019989013671875	439.4405822753906	121
gesamtdeutsche Auswertungen sollte zusätzlich ein haushaltsbezogenes Ost-West-	79.38011169433594	461.3810119628906	13.019989013671875	439.52650451660156	121
Gewicht verwendet werden, um das Oversample in Ostdeutschland auszugleichen.	79.380126953125	478.4216003417969	13.019989013671875	439.39764404296875	121
In der Praxis wird dann das Produkt aus Transformationsgewicht und haushaltsbe-	79.38009643554688	495.4009704589844	13.019989013671875	439.3989562988281	121
zogenem Ost-West-Gewicht zur Fallgewichtung eingesetzt.	79.38008117675781	512.38037109375	13.019989013671875	310.1754608154297	121
Das hier erläuterte Transformationsgewicht, das haushaltsbezogene Ost-West-	79.38008117675781	541.420166015625	13.019989013671875	439.4392547607422	122
Gewicht sowie die Kombination beider Gewichte werden umgehend in einem Re-	79.38008117675781	558.3995361328125	13.019989013671875	439.49790954589844	122
lease des ALLBUS 2004 und im ALLBUS 2006 enthalten sein.	79.38008117675781	575.37890625	13.019989013671875	330.73667907714844	122
4	79.38008117675781	616.3758544921875	13.020004272460938	6.510002136230469	123
Exemplarische Auswertung einiger Haushaltsmerkmale und Vergleich	107.75978088378906	616.3758544921875	13.020004272460938	391.8082733154297	124
mit der amtlichen Statistik	107.75978088378906	633.355224609375	13.020004272460938	148.3199005126953	124
Die folgenden Tabellen zeigen einige haushaltsbezogene Merkmale und deren Ver-	79.38008880615234	662.3785400390625	13.020004272460938	439.38724517822266	125
teilung bei unterschiedlichen Untersuchungseinheiten. Die Anteile beziehen sich auf	79.38008117675781	679.4190673828125	13.020004272460938	439.44456481933594	125
6 In diesem Zusammenhang ist mit Westdeutschland immer das frühere Bundesgebiet (inkl.	79.37999725341797	738.4050903320312	10.980003356933594	439.4636917114258	126
West-Berlin) gemeint. Die neuen Bundesländer und Ost-Berlin werden kurz mit Ostdeutschland	93.60038757324219	749.3850708007812	10.980003356933594	425.19056701660156	126
bezeichnet.	93.60037231445312	760.4254760742188	10.980003356933594	49.7503662109375	126
150	79.37999725341797	49.13330078125	13.97998046875	23.34101104736328	127
ZA-Information 59	406.75665283203125	49.13330078125	13.97998046875	112.0650634765625	128
Gesamtdeutschland. Beim ALLBUS 2004 wurde für die Personenebene das personen-	79.37999725341797	101.38104248046875	13.02001953125	439.6853713989258	129
bezogene Ost-West-Gewicht eingesetzt, für die Haushaltsebene die Kombination	79.3800048828125	118.421630859375	13.02001953125	439.27532958984375	129
aus Transformations- und haushaltsbezogenem Ost-West-Gewicht. Die Referenz-	79.3800048828125	135.40234375	13.02001953125	439.41583251953125	129
daten des Mikrozensus (MZ) 2004 für die Haushaltsebene sind – soweit angegeben –	79.37998962402344	152.3817138671875	13.02001953125	439.55653381347656	129
der Tabelle 1.1.1 der Fachserie 1, Reihe 3 des Statistischen Bundesamtes (2005a)	79.3800048828125	169.42230224609375	13.02001953125	439.42108154296875	129
entnommen. Die Grundgesamtheit dieser Daten sind alle Privathaushalte in	79.37999725341797	186.40167236328125	13.02001953125	439.4953079223633	129
Deutschland. Die ALLBUS-Haushalte sind beschränkt auf solche, in denen mindes-	79.37998962402344	203.38104248046875	13.02001953125	439.49000549316406	129
tens eine erwachsene Person lebt. Diese Restriktion beeinträchtigt die Vergleich-	79.37997436523438	220.421630859375	13.02001953125	439.5343322753906	129
barkeit auf Haushaltsebene jedoch kaum, da der Anteil von Privathaushalten in	79.37995910644531	237.4010009765625	13.02001953125	439.19456481933594	129
Deutschland mit ausschließlich minderjährigen Personen vernachlässigbar klein	79.37994384765625	254.38037109375	13.02001953125	439.272705078125	129
ist. Anders auf Personenebene: Bei einer einfachen Häufigkeitsauszählung der	79.3812255859375	271.42095947265625	13.02001953125	439.02392578125	129
ALLBUS-Daten können die relativen Häufigkeiten nur als Schätzer für die Anteile	79.38121032714844	288.40032958984375	13.02001953125	439.46144104003906	129
in der Grundgesamtheit verwendet werden, also für die erwachsene Bevölkerung.	79.38121032714844	305.38104248046875	13.02001953125	439.3677520751953	129
Die tabellierten Daten der amtlichen Statistik (Tabelle 1.4.1 in der Fachserie 1, Reihe	79.38121032714844	322.421630859375	13.019989013671875	439.53443908691406	129
3) weisen dagegen Anteile an der Gesamtbevölkerung in Privathaushalten aus. Sie	79.3812255859375	339.4010009765625	13.019989013671875	439.46533203125	129
wurden daher nicht in die Vergleichstabellen aufgenommen.	79.38119506835938	356.38037109375	13.019989013671875	314.52801513671875	129
Tabelle 5	79.38119506835938	382.97723388671875	13.019989013671875	50.910797119140625	130
Haushaltsgröße7	150.3011474609375	380.47027587890625	15.5703125	85.13883972167969	131
Haushaltsgröße	85.0199966430664	425.3674011230469	10.019989013671875	67.2642593383789	132
Angaben in %	85.0199966430664	438.7203369140625	10.02001953125	57.261314392089844	132
Einpersonenhaushalte	85.0199966430664	454.7407531738281	10.02001953125	87.77117156982422	132
Mehrpersonenhaushalte	85.0199966430664	470.2807312011719	10.02001953125	95.68201446533203	132
davon	85.0199966430664	485.7606506347656	10.02001953125	24.451812744140625	132
- Zweipersonenhaushalte	85.0199966430664	501.3006591796875	10.02001953125	100.3162612915039	132
- Dreipersonenhaushalte	85.0199966430664	516.78076171875	10.02001953125	97.5718002319336	132
- Vierpersonenhaushalte	85.0199966430664	532.2606201171875	10.02001953125	97.56072235107422	132
- 5 und mehr Personen im HH	85.0199966430664	547.80078125	10.02001953125	120.59874725341797	132
Durchschnittl. Haushaltsgröße	85.0199966430664	579.8673706054688	10.020004272460938	125.52957916259766	133
Haushaltsebene	236.82000732421875	407.7873840332031	10.019989013671875	67.195068359375	134
MZ 2004 ALLBUS	224.69979858398438	425.22039794921875	10.08013916015625	92.99261474609375	134
2004	288.2396240234375	436.7403869628906	10.02001953125	20.00994873046875	134
37,2 32,4	239.74380493164062	454.7407531738281	10.02001953125	71.59487915039062	134
62,8 67,6	239.79696655273438	470.2807312011719	10.02001953125	71.597900390625	134
Personenebene	333.7173767089844	407.7873840332031	10.019989013671875	63.9676513671875	135
ALLBUS	346.2594299316406	425.22039794921875	10.02001953125	38.920684814453125	135
2004	355.7393493652344	436.7403869628906	10.02001953125	20.00994873046875	135
17,9	363.439697265625	454.7407531738281	10.02001953125	17.5469970703125	135
82,1	363.4968566894531	470.2807312011719	10.02001953125	17.548004150390625	135
34,1	239.74888610839844	501.3006591796875	10.02001953125	17.549026489257812	136
13,8	239.76492309570312	516.78076171875	10.02001953125	17.545013427734375	136
10,8	239.75384521484375	532.2606201171875	10.02001953125	17.54901123046875	136
4,1	244.7628936767578	547.80078125	10.02001953125	12.505966186523438	136
100,0	234.71961975097656	563.7606201171875	10.02001953125	22.529983520507812	136
2,12	239.69973754882812	579.780517578125	10.019989013671875	17.550018310546875	136
35,5	293.7997741699219	501.3006591796875	10.02001953125	17.549041748046875	137
13,8	293.8097839355469	516.78076171875	10.02001953125	17.5450439453125	137
12,9	293.8047180175781	532.2606201171875	10.02001953125	17.549041748046875	137
5,4	298.8147888183594	547.80078125	10.02001953125	12.5059814453125	137
100,0	288.779541015625	563.7606201171875	10.02001953125	22.52996826171875	137
2,25	293.7596435546875	579.780517578125	10.019989013671875	17.550048828125	137
38,0	363.4508361816406	501.3006591796875	10.02001953125	17.549041748046875	138
18,4	363.4548034667969	516.78076171875	10.02001953125	17.5450439453125	138
17,3	363.4557800292969	532.2606201171875	10.02001953125	17.549041748046875	138
8,4	368.4668273925781	547.80078125	10.02001953125	12.5059814453125	138
100,0	358.4395751953125	563.7606201171875	10.02001953125	22.52996826171875	138
2,64	363.419677734375	579.780517578125	10.019989013671875	17.550048828125	138
Am deutlichsten zeigt sich der Unterschied zwischen der haushaltsbezogenen und	79.37999725341797	607.901611328125	13.020004272460938	439.37683868408203	139
der personenbezogenen Verteilung am Beispiel der Haushaltsgröße (Tabelle 5). Sie	79.38131713867188	624.8810424804688	13.020004272460938	439.4054870605469	139
steht mit der reduzierten Haushaltsgröße in direktem Zusammenhang (Pearson’s	79.38130187988281	641.8035888671875	13.076828002929688	439.1294403076172	139
r = 0,73 für Gesamtdeutschland, Haushaltsebene): Die Zahl der Personen im	79.38131713867188	658.9010009765625	13.020004272460938	439.1984558105469	139
Haushalt ist größer oder gleich der reduzierten Haushaltsgröße. Wegen dieses	79.38131713867188	675.88037109375	13.020004272460938	439.2401428222656	139
Zusammenhangs hat die Transformationsgewichtung einen großen Einfluss auf die	79.38134765625	692.8597412109375	13.020004272460938	439.389892578125	139
7 Für die Ermittlung der Haushaltsgröße (Zahl der Personen im Haushalt) werden auch Kinder	79.37999725341797	749.3850708007812	10.980003356933594	439.45813751220703	140
berücksichtigt.	93.60038757324219	760.4254760742188	10.980003356933594	65.09602355957031	140
ZA-Information 59	79.37999725341797	49.13330078125	13.97998046875	112.10701751708984	141
151	495.4653625488281	49.13330078125	13.97998046875	23.346588134765625	142
Ergebnisse: 82,1 % der ALLBUS-Befragten leben in Mehrpersonenhaushalten, aber	79.37999725341797	101.38104248046875	13.02001953125	439.43274688720703	143
nur geschätzte 67,6 % der Haushalte werden mit den gewichteten Daten als Mehr-	79.37998962402344	118.421630859375	13.02001953125	439.4601593017578	143
personenhaushalte ausgewiesen. Bemerkenswert ist die Interpretation der Durch-	79.37997436523438	135.40234375	13.02001953125	439.4939270019531	143
schnittswerte. Während die Auswertung auf Haushaltsebene dem Alltags-	79.37995910644531	152.3817138671875	13.02001953125	439.3507537841797	143
sprachgebrauch der „durchschnittlichen Größe eines Haushaltes“ entspricht, kann	79.37995910644531	169.42230224609375	13.02001953125	439.3950653076172	143
der deutlich höhere Wert bei einer personenbezogenen Berechnung selbst durch	79.37997436523438	186.40167236328125	13.02001953125	439.4302062988281	143
umständliche Ausdrücke wie „die durchschnittliche Anzahl von Haushaltsmitgliedern,	79.38128662109375	203.38104248046875	13.02001953125	439.46148681640625	143
mit denen eine Person zusammenlebt (sie selbst mit eingerechnet)“ nur unklar be-	79.38128662109375	220.421630859375	13.02001953125	439.32861328125	143
zeichnet werden.	79.38128662109375	237.4010009765625	13.02001953125	88.08551025390625	143
Die Anpassung der Haushaltsgröße an die Ergebnisse des Mikrozensus ist befriedi-	79.38128662109375	266.38092041015625	13.02001953125	439.49139404296875	144
gend. Einpersonenhaushalte sind im ALLBUS vermutlich wegen vergleichsweise	79.382568359375	283.4215087890625	13.02001953125	439.62811279296875	144
schlechter Erreichbarkeit unterrepräsentiert bzw. größere Haushalte häufiger enthalten.	79.38385009765625	300.40087890625	13.02001953125	439.3975830078125	144
Zwischen West- und Ostdeutschland bestehen bei der durchschnittlichen Haus-	79.38385009765625	317.3802490234375	13.019989013671875	439.4744873046875	144
haltsgröße (ALLBUS, Haushaltsebene) mit 2,28 gegenüber 2,13 nur geringe	79.382568359375	334.42083740234375	13.019989013671875	439.1307373046875	144
Unterschiede.	79.38253784179688	351.40020751953125	13.019989013671875	70.5892333984375	144
Tabelle 6	79.38253784179688	377.9371643066406	13.019989013671875	50.910797119140625	145
Anteile ausgewählter Haushaltstypen	150.302490234375	377.98052978515625	13.019989013671875	193.61785888671875	146
Haushaltszusammensetzung	85.0199966430664	420.38739013671875	10.019989013671875	120.6087417602539	147
Angaben in %	85.0199966430664	433.7403259277344	10.02001953125	57.261314392089844	147
Einpersonenhaushalte8	85.0199966430664	447.9736633300781	11.807098388671875	90.96001434326172	147
Eingenerationenhaushalte	85.0199966430664	465.3007507324219	10.02001953125	103.3843765258789	147
Zweigenerationenhaushalte	85.0199966430664	480.7807312011719	10.02001953125	110.00763702392578	147
Drei- und Viergenerationenhaushalte	85.0199966430664	496.2606506347656	10.02001953125	148.3681411743164	147
Sonstige, mit und ohne Familienkern	85.0199966430664	511.8006591796875	10.02001953125	148.1347427368164	147
Seniorenhaushalte9	85.0199966430664	541.99365234375	11.80712890625	76.56000518798828	148
22,0	265.9200134277344	543.78076171875	10.02001953125	17.55706787109375	149
ALLBUS	304.8599853515625	422.2207336425781	10.02001953125	38.932708740234375	150
2004	314.27978515625	433.74072265625	10.02001953125	20.00994873046875	150
32,4	319.800048828125	449.7607421875	10.02001953125	17.55706787109375	150
30,3	319.85675048828125	465.3007507324219	10.02001953125	17.549041748046875	150
35,3	319.8798522949219	480.7807312011719	10.02001953125	17.539031982421875	150
0,8	324.9408874511719	496.2606506347656	10.02001953125	12.495941162109375	150
1,0	324.9249267578125	511.8006591796875	10.02001953125	12.4969482421875	150
100,0	314.8196716308594	527.7606201171875	10.02001953125	22.52996826171875	150
19,8	319.8035583496094	543.78076171875	10.02001953125	17.55706787109375	150
ALLBUS	377.70037841796875	422.2207336425781	10.02001953125	38.920684814453125	151
2004	387.12017822265625	433.74072265625	10.02001953125	20.00994873046875	151
18,1	389.7637023925781	449.7607421875	10.02001953125	17.55706787109375	151
33,8	389.8083801269531	465.3007507324219	10.02001953125	17.549041748046875	151
44,8	389.81646728515625	480.7807312011719	10.02001953125	17.539031982421875	151
1,7	394.8734436035156	496.2606506347656	10.02001953125	12.495941162109375	151
1,7	394.8594970703125	511.8006591796875	10.02001953125	12.4969482421875	151
100,0	384.7803039550781	527.7606201171875	10.02001953125	22.52996826171875	151
15,7	389.7671813964844	543.78076171875	10.02001953125	17.55706787109375	151
Haushaltsebene	261.9000549316406	402.74737548828125	10.019989013671875	67.19509887695312	152
Personenebene	357.11712646484375	402.74737548828125	10.019989013671875	63.9676513671875	153
MZ 2005	254.40008544921875	433.8004455566406	10.02001953125	37.5439453125	154
Die Anteile der im oberen Teil von Tabelle 6 dargestellten Haushaltstypen wurden	79.37999725341797	571.901611328125	13.019989013671875	439.40552520751953	155
der Haushaltsgrobklassifikation des ALLBUS 2004 (V889) entnommen10. Rund	79.3800048828125	586.3302001953125	15.571334838867188	439.37823486328125	155
zwei Drittel der ALLBUS-Haushalte sind Ein- oder Zweigenerationenhaushalte,	79.380126953125	605.8609619140625	13.020004272460938	439.4471435546875	155
also Ehe- oder Partnerpaare (Eingenerationenhaushalte) bzw. Ledige mit mindestens	79.38015747070312	622.9014892578125	13.020004272460938	439.7581481933594	155
einem Kind sowie Ehe- oder Partnerpaare mit mindestens einem Kind oder Enkel	79.38015747070312	639.8442993164062	13.056564331054688	439.3794860839844	155
8 Die Anteile der Einpersonenhaushalte weichen leicht von Tabelle 5 ab, da in der Haushalts-	79.37999725341797	693.405029296875	10.979995727539062	439.3790969848633	156
grobklassifikation mehr fehlende Werte enthalten sind und auf die validen Fälle prozentuiert	93.60037231445312	704.3850708007812	10.980003356933594	425.1269226074219	156
wurde.	93.60037231445312	715.4254760742188	10.980003356933594	30.227943420410156	156
9 Quelle zu den Daten des Mikrozensus 2005: Statistisches Bundesamt, Pressemitteilung vom 6.	79.37999725341797	732.4050903320312	10.980003356933594	439.34619903564453	156
Juni 2006, http://www.destatis.de/presse/deutsch/pm2006/p2280024.htm	93.59927368164062	743.3850708007812	10.980003356933594	320.9004211425781	156
10 Zur Definition und Umsetzung der Haushaltstypologie siehe Porst 1984 und Funk 1989.	79.37999725341797	760.377197265625	11.027854919433594	405.93534088134766	156
152	79.37999725341797	49.13330078125	13.97998046875	23.34101104736328	157
ZA-Information 59	406.75665283203125	49.13330078125	13.97998046875	112.0650634765625	158
(Zweigenerationenhaushalte). Haushalte, in denen drei oder vier Generationen	79.37999725341797	101.38104248046875	13.02001953125	439.21411895751953	159
zusammenleben sind mit geschätzten 0,8 % sehr selten. Unabhängig davon wurde	79.37997436523438	118.421630859375	13.02001953125	439.5526428222656	159
der Anteil der Haushalte mit ausschließlich Personen im Alter von 65 Jahren oder	79.37998962402344	135.40234375	13.02001953125	439.4796905517578	159
darüber ermittelt (Seniorenhaushalte). Etwa jeder 5. Privathaushalt ist nach ALL-	79.37997436523438	152.3817138671875	13.02001953125	439.4888000488281	159
BUS ein solcher Seniorenhaushalt. Mit 23,5 % liegt der Anteil in Ostdeutschland	79.3800048828125	169.42230224609375	13.02001953125	439.4471435546875	159
um 4,5 Prozentpunkte über dem Ergebnis für Westdeutschland.	79.3800048828125	186.40167236328125	13.02001953125	329.687255859375	159
Tabelle 7	79.37998962402344	212.9385986328125	13.02001953125	50.910797119140625	160
Haushaltsausstattung11	150.29994201660156	210.4302978515625	15.57171630859375	118.32008361816406	161
Haushaltsebene	261.23974609375	237.74761962890625	10.02001953125	67.25827026367188	162
Personenebene	356.8800048828125	237.74737548828125	10.02001953125	63.90753173828125	163
Haushaltsausstattung	85.0199966430664	255.3873291015625	10.02001953125	92.3322982788086	164
Angaben in %	85.0199966430664	268.74029541015625	10.02001953125	57.261314392089844	164
PC vorhanden	85.0199966430664	284.7607421875	10.02001953125	56.97673797607422	164
PC (durchschnittl. Anz.)	85.0199966430664	300.30072021484375	10.02001953125	97.95951080322266	164
Internetzugang vorhanden	85.0199966430664	315.78076171875	10.02001953125	104.70800018310547	164
Fernsehgerät vorhanden	85.0199966430664	331.2607421875	10.02001953125	96.4845962524414	164
Fernsehgeräte (durchschnittl. Anz.)	85.0199966430664	346.8007507324219	10.02001953125	141.71085357666016	164
EVS 2003	247.08047485351562	268.8004150390625	10.02001953125	41.42572021484375	165
61,4	265.14654541015625	284.7607421875	10.02001953125	17.55303955078125	165
84,9	265.2928161621094	300.30072021484375	10.02001953125	17.52801513671875	165
46,0	265.1695861816406	315.78076171875	10.02001953125	17.549041748046875	165
94,4	265.22369384765625	331.2607421875	10.02001953125	17.54302978515625	165
145,5	260.1956787109375	346.8007507324219	10.02001953125	22.52996826171875	165
ALLBUS	304.260009765625	257.22076416015625	10.02001953125	38.932708740234375	166
2004	313.6798095703125	268.74078369140625	10.02001953125	20.00994873046875	166
58,6	316.5040588378906	284.7607421875	10.02001953125	17.55303955078125	166
80,0	316.6313171386719	300.30072021484375	10.02001953125	17.52801513671875	166
45,8	316.5211181640625	315.78076171875	10.02001953125	17.549041748046875	166
97,1	316.5661926269531	331.2607421875	10.02001953125	17.54302978515625	166
141,4	311.5561828613281	346.8007507324219	10.02001953125	22.52996826171875	166
ALLBUS	377.7005920410156	257.22076416015625	10.02001953125	38.920684814453125	167
2004	387.1203918457031	268.74078369140625	10.02001953125	20.00994873046875	167
63,9	389.7612609863281	284.7607421875	10.02001953125	17.55303955078125	167
90,2	389.8695373535156	300.30072021484375	10.02001953125	17.52801513671875	167
50,1	389.7723693847656	315.78076171875	10.02001953125	17.549041748046875	167
97,8	389.8083801269531	331.2607421875	10.02001953125	17.54302978515625	167
151,8	384.81640625	346.8007507324219	10.02001953125	22.52996826171875	167
Im Bereich der Haushaltsausstattung wurden für PCs und Fernseher jeweils der An-	79.37999725341797	374.8616638183594	13.019989013671875	439.3664016723633	168
teil der Haushalte, in denen ein solches Gerät vorhanden ist sowie die	79.37997436523438	391.9022521972656	13.019989013671875	439.4601745605469	168
durchschnittliche Anzahl pro 100 Haushalte ermittelt (Tabelle 7). Die Interpretation	79.37997436523438	408.8816223144531	13.019989013671875	439.3820495605469	168
der personenbezogenen Durchschnittswerte ist wieder umständlicher: „Die durch-	79.378662109375	425.8609924316406	13.019989013671875	439.3572998046875	168
schnittliche Zahl der PCs/Fernseher, auf die 100 Personen in ihrem Haushalts-	79.37997436523438	442.9015808105469	13.019989013671875	439.2922058105469	168
kontext Zugriff haben“. Während bei der Fragestellung nach dem Vorhandensein	79.37998962402344	459.8809509277344	13.019989013671875	439.4341583251953	168
eines TV-Gerätes der Wechsel der Betrachtungseinheit einen vergleichsweise	79.3800048828125	476.8603210449219	13.019989013671875	439.2752685546875	168
geringen Effekt hat, ist die Abweichung bei den anderen Items größer, da ein stärkerer	79.3800048828125	493.9009094238281	13.019989013671875	439.53955078125	168
Zusammenhang mit der reduzierten Haushaltsgröße besteht (r = 0,11 für das TV-	79.3800048828125	510.8802795410156	13.019989013671875	439.32733154296875	168
Dummy, r = 0,22 bis 0,34 für die anderen Items12). Während nach dem ALLBUS	79.37998962402344	525.310302734375	15.571380615234375	439.3484649658203	168
2004 in Westdeutschland etwas weniger als die Hälfte der deutschen Privathaus-	79.3802490234375	544.9022216796875	13.019989013671875	439.44580078125	168
halte über einen Internetzugang verfügen (47,1 %) liegt die Erschließung in Ost-	79.38026428222656	561.881591796875	13.019989013671875	439.4327850341797	168
deutschland mit 39,9 % deutlich darunter. In 100 Privathaushalten des früheren	79.3802490234375	578.8609619140625	13.020004272460938	439.389892578125	168
Bundesgebietes sind durchschnittlich 83 Computer vorhanden, 67 in den neuen	79.38021850585938	595.9015502929688	13.020004272460938	439.3898620605469	168
Bundesländern. Die Referenzdaten wurden der amtlichen Statistik zur Ausstattung	79.3802490234375	612.8809204101562	13.020004272460938	439.42376708984375	168
privater Haushalte mit Informationstechnologie und Unterhaltungselektronik	79.3802490234375	629.8603515625	13.020004272460938	439.25836181640625	168
entnommen (Einkommens- und Verbrauchsstichprobe (EVS) 2003)13. Die Ergeb-	79.38021850585938	644.3502807617188	15.571334838867188	439.3894348144531	168
11 Quelle zu den Daten der EVS (Einkommens- und Verbrauchsstichprobe) 2003: Statistisches	79.37999725341797	704.3850708007812	10.980003356933594	439.3991165161133	169
Bundesamt, http://www.destatis.de/themen/d/thm_infogesell.php	93.60057067871094	715.4254760742188	10.980003356933594	286.2749786376953	169
12 Der Korrelationskoeffizient wurde für Gesamtdeutschland auf Haushaltsebene berechnet.	79.37999725341797	732.4050903320312	10.980003356933594	407.66358184814453	169
13 Grundgesamtheit dort sind Privathaushalte am Ort der Hauptwohnung mit einem monatlichen	79.37999725341797	749.3850708007812	10.980003356933594	439.38587188720703	169
Haushaltsnettoeinkommen unter 18.000 Euro (Statistisches Bundesamt 2005b).	93.59944152832031	760.4254760742188	10.980003356933594	349.59767150878906	169
ZA-Information 59	79.37999725341797	49.13330078125	13.97998046875	112.10701751708984	170
153	495.4653625488281	49.13330078125	13.97998046875	23.346588134765625	171
nisse des ALLBUS 2004 (gewichtet für Haushaltsebene) werden von der amtlichen	79.37999725341797	101.38104248046875	13.02001953125	439.3820266723633	172
Statistik weitgehend unterstützt, lediglich bei der Anzahl der Geräte (PC, TV) ist	79.37998962402344	118.421630859375	13.02001953125	439.41590881347656	172
eine niedrigere Erfassung mit dem ALLBUS zu nennen.	79.37998962402344	135.40234375	13.02001953125	292.4122772216797	172
Tabelle 8	79.37998962402344	161.93927001953125	13.02001953125	49.30413818359375	173
Haupteinkommensquelle, vorwiegender Lebensunterhalt	150.29994201660156	161.982666015625	13.02001953125	295.01234436035156	174
(eingeklammerte Daten sind nur eingeschränkt vergleichbar, siehe Text)	150.2999267578125	176.02215576171875	13.02001953125	362.4403076171875	174
Vorwiegender Lebensunterhalt	85.0199966430664	218.36737060546875	10.02001953125	133.72193145751953	175
Angaben in %	85.0199966430664	231.7203369140625	10.02001953125	57.261314392089844	175
Erwerbstätigkeit	85.0199966430664	247.74072265625	10.02001953125	66.1490249633789	175
Arbeitslosengeld/-hilfe	85.0199966430664	263.28076171875	10.02001953125	92.30921173095703	175
Rente, Pension	85.0199966430664	278.7607421875	10.02001953125	60.09192657470703	175
Vermögen, Vermietung, Zinsen	85.0199966430664	294.30072021484375	10.02001953125	127.2389907836914	175
Sozialhilfe	85.0199966430664	309.78076171875	10.02001953125	43.428672790527344	175
Sonstige	85.0199966430664	325.2607421875	10.02001953125	34.530921936035156	175
Haushaltsebene	254.52032470703125	200.78759765625	10.02001953125	67.25827026367188	176
Personenebene	354.6000061035156	200.787353515625	10.02001953125	63.90753173828125	177
MZ 2004	242.27999877929688	231.78076171875	10.02001953125	37.5439453125	178
(51,2)	253.9251251220703	247.74072265625	10.02001953125	24.199325561523438	178
(6,3)	258.95013427734375	263.28076171875	10.02001953125	19.180267333984375	178
(35,2)	253.922119140625	278.7607421875	10.02001953125	24.199310302734375	178
(0,7)	258.96221923828125	294.30072021484375	10.02001953125	19.184326171875	178
(2,0)	258.9651794433594	309.78076171875	10.02001953125	19.17230224609375	178
(4,6)	258.951171875	325.2607421875	10.02001953125	19.178253173828125	178
(100,0)	248.88006591796875	341.2807312011719	10.02001953125	29.202301025390625	178
ALLBUS	299.58038330078125	220.20062255859375	10.02001953125	38.932708740234375	179
2004	309.00018310546875	231.72064208984375	10.02001953125	20.00994873046875	179
58,5	311.8667907714844	247.74072265625	10.02001953125	17.549041748046875	179
4,3	316.91180419921875	263.28076171875	10.02001953125	12.5009765625	179
31,8	311.86376953125	278.7607421875	10.02001953125	17.549041748046875	179
0,9	316.929931640625	294.30072021484375	10.02001953125	12.502960205078125	179
1,9	316.9148864746094	309.78076171875	10.02001953125	12.4969482421875	179
2,6	316.9098205566406	325.2607421875	10.02001953125	12.499969482421875	179
100,0	306.851806640625	341.2807312011719	10.02001953125	22.527984619140625	179
ALLBUS	375.5400085449219	220.20074462890625	10.02001953125	38.920684814453125	180
2004	384.9598083496094	231.72076416015625	10.02001953125	20.00994873046875	180
63,8	389.79833984375	247.74072265625	10.02001953125	17.549041748046875	180
4,0	394.8343505859375	263.28076171875	10.02001953125	12.5009765625	180
28,1	389.79534912109375	278.7607421875	10.02001953125	17.549041748046875	180
0,9	394.8564758300781	294.30072021484375	10.02001953125	12.502960205078125	180
1,5	394.82940673828125	309.78076171875	10.02001953125	12.4969482421875	180
1,8	394.83038330078125	325.2607421875	10.02001953125	12.499969482421875	180
100,0	384.78936767578125	341.2807312011719	10.02001953125	22.527984619140625	180
Zur Ermittlung der Haupteinkommensquelle im Haushalt (Tabelle 8) mussten beim	79.37999725341797	369.40167236328125	13.019989013671875	439.3976516723633	181
ALLBUS 2004 einzelne Angaben in den Variablen V559 bis V576 (Einkommens-	79.37997436523438	386.38104248046875	13.019989013671875	439.3924255371094	181
arten im Haushalt) mit der Variable zur Haupteinkommensquelle (V577) zusam-	79.37995910644531	403.36041259765625	13.019989013671875	439.3702850341797	181
mengespielt werden. Der Unterschied zwischen gewichteten und ungewichteten	79.37995910644531	420.4010009765625	13.019989013671875	439.3391571044922	181
Daten ist eher gering. Mit der Haushaltsgewichtung wird jedoch eine bessere An-	79.37995910644531	437.38037109375	13.019989013671875	439.3859100341797	181
passung an den Mikrozensus erreicht. Die Referenzdaten wurden eingeklammert, da	79.37995910644531	454.3597412109375	13.019989013671875	439.4236297607422	181
ALLBUS und MZ aufgrund unterschiedlicher Fragestellungen nur eingeschränkt	79.37994384765625	471.40032958984375	13.019989013671875	439.40155029296875	181
vergleichbar sind: Im ALLBUS 2004 wird bereits in der Fragestellung auf den	79.37994384765625	488.37969970703125	13.019989013671875	439.44451904296875	181
Haushalt Bezug genommen (F166: „Und welche dieser Einkommensarten ist die	79.37994384765625	505.3590393066406	13.019989013671875	439.45233154296875	181
Haupteinkommensquelle Ihres Haushaltes?“). Der Befragte erteilt diese Auskunft	79.37992858886719	522.399658203125	13.019989013671875	439.4875030517578	181
dann mit Hinblick auf den Haushalt, in dem er lebt. Beim Mikrozensus wird eine	79.37992858886719	539.3790283203125	13.019989013671875	439.38075256347656	181
personenbezogene Abfrage durchgeführt („Woraus beziehen Sie überwiegend die	79.37991333007812	556.3583984375	13.019989013671875	439.4575500488281	181
Mittel für Ihren Lebensunterhalt?“). Bei der haushaltsbezogenen Auswertung der	79.37989807128906	573.39892578125	13.019989013671875	439.3755340576172	181
Daten weist das Statistische Bundesamt den vorwiegenden Lebensunterhalt der	79.37989807128906	590.3783569335938	13.020004272460938	439.2270965576172	181
Bezugsperson14 aus. Dies entspricht nicht unbedingt dem vorwiegenden Lebens-	79.37991333007812	604.810302734375	15.571334838867188	439.3981018066406	181
unterhalt des Haushaltes. Für einen Haushalt, in dem beispielsweise ein Ehepartner	79.38043212890625	624.3656005859375	13.056625366210938	439.65545654296875	181
erwerbstätig ist, der andere aber eine (vergleichsweise niedrige) Rente bezieht, kann	79.38174438476562	641.381591796875	13.020004272460938	439.4107360839844	181
also im Mikrozensus eine der beiden Einkommensarten ausgewiesen sein. Die	79.38175964355469	658.3609619140625	13.020004272460938	439.3118438720703	181
ALLBUS-Fragestellung ergibt bei korrekter Beantwortung aber eindeutig Erwerbs-	79.38175964355469	675.4015502929688	13.020004272460938	439.47828674316406	181
tätigkeit als Haupteinkommensquelle dieses Haushaltes.	79.38175964355469	692.3809814453125	13.020004272460938	292.1974639892578	181
14 Bezugsperson ist jeweils die erste Person in der Auflistung der Haushaltspersonen nach der	79.37999725341797	749.3850708007812	10.980003356933594	439.37928009033203	182
Vorgabe: Ehegatten, Kinder, Verwandte, sonstige Personen.	93.60052490234375	760.4254760742188	10.980003356933594	264.89361572265625	182
154	79.37999725341797	49.13330078125	13.97998046875	23.34101104736328	183
Tabelle 9	79.37999725341797	98.93804931640625	13.02001953125	50.910804748535156	184
Haushaltsnettoeinkommen	150.29994201660156	98.9814453125	13.02001953125	138.7085723876953	185
ZA-Information 59	406.75665283203125	49.13330078125	13.97998046875	112.0650634765625	186
Haushaltsnettoeinkommen	85.0199966430664	141.3873291015625	10.02001953125	114.53162384033203	187
Angaben in %	85.0199966430664	154.74029541015625	10.02001953125	57.261314392089844	187
< 900 €	85.0199966430664	170.7607421875	10.02001953125	30.72533416748047	187
900 bis unter 1500 €	85.0199966430664	186.30072021484375	10.02001953125	82.22510528564453	187
1500 bis unter 2600 €	85.0199966430664	201.78076171875	10.02001953125	87.2301254272461	187
2600 € und mehr	85.0199966430664	217.2607421875	10.02001953125	68.06485748291016	187
Haushaltsebene	238.5003662109375	123.74761962890625	10.02001953125	67.25827026367188	188
Personenebene	378.7799987792969	123.74737548828125	10.02001953125	63.90753173828125	189
MZ 2004	222.3000030517578	154.80072021484375	10.02001953125	37.54396057128906	190
15,6	240.68972778320312	170.7607421875	10.02001953125	17.55303955078125	190
25,9	240.64862060546875	186.30072021484375	10.02001953125	17.552032470703125	190
33,3	240.67269897460938	201.78076171875	10.02001953125	17.551025390625	190
25,2	240.65164184570312	217.2607421875	10.02001953125	17.559051513671875	190
100,0	235.67971801757812	233.28076171875	10.02001953125	22.529998779296875	190
ALLBUS	283.7396240234375	143.2205810546875	10.02001953125	38.920684814453125	191
2004	293.159423828125	154.7406005859375	10.02001953125	20.00994873046875	191
14,6	294.3267822265625	170.7607421875	10.02001953125	17.55303955078125	191
25,1	294.28369140625	186.30072021484375	10.02001953125	17.552032470703125	191
35,6	294.3067626953125	201.78076171875	10.02001953125	17.551055908203125	191
24,7	294.2977294921875	217.2607421875	10.02001953125	17.55902099609375	191
100,0	289.3197937011719	233.28076171875	10.02001953125	22.52996826171875	191
MZ 2004	362.69921875	154.80072021484375	10.02001953125	37.5439453125	192
10,2	376.4646911621094	170.7607421875	10.02001953125	17.55303955078125	192
20,8	376.41864013671875	186.30072021484375	10.02001953125	17.552032470703125	192
35,7	376.44171142578125	201.78076171875	10.02001953125	17.551055908203125	192
33,4	376.44464111328125	217.2607421875	10.02001953125	17.55902099609375	192
100,0	371.46075439453125	233.28076171875	10.02001953125	22.52996826171875	192
ALLBUS	420.5400085449219	143.22076416015625	10.02001953125	38.920684814453125	193
2004	429.9598083496094	154.74078369140625	10.02001953125	20.00994873046875	193
9,6	434.3612365722656	170.7607421875	10.02001953125	12.50396728515625	193
21,1	429.27410888671875	186.30072021484375	10.02001953125	17.552032470703125	193
37,8	429.29620361328125	201.78076171875	10.02001953125	17.551055908203125	193
31,5	429.3111572265625	217.2607421875	10.02001953125	17.55902099609375	193
100,0	424.32122802734375	233.28076171875	10.02001953125	22.52996826171875	193
Eine nach alten und neuen Bundesländern differenzierte Auswertung des ALLBUS	79.37999725341797	261.40155029296875	13.02001953125	439.37036895751953	194
ergibt, dass der Anteil der Haushalte mit Arbeitslosengeld/-hilfe als Hauptein-	79.38128662109375	278.38092041015625	13.02001953125	439.49530029296875	194
kommensquelle in Ostdeutschland mit 7,7 % mehr als doppelt so hoch ist als in	79.38128662109375	295.36029052734375	13.02001953125	439.4002685546875	194
Westdeutschland mit 3,5 %.	79.38128662109375	312.40087890625	13.02001953125	146.34091186523438	194
Für die Darstellung des Haushaltsnettoeinkommens wurden vier Kategorien ge-	79.38128662109375	341.38079833984375	13.019989013671875	439.4237060546875	195
wählt, die mit dem Mikrozensus vergleichbar sind (Tabelle 9). Die Angaben zum	79.38127136230469	358.36016845703125	13.019989013671875	439.5500030517578	195
ALLBUS 2004 wurden aus der offenen Einkommensangabe (V555) durch Recodie-	79.38127136230469	375.4007568359375	13.019989013671875	439.40284729003906	195
rung sowie aus der Listenabfrage (V556) durch lineare Interpolation gewonnen15.	79.37997436523438	389.8302917480469	15.571380615234375	439.3350524902344	195
Als Referenzdaten auf Personenebene wurden Auswertungen des MZ herangezo-	79.37985229492188	409.3610534667969	13.019989013671875	439.3703308105469	195
gen, bei denen Minderjährige nicht berücksichtigt wurden, um Vergleichbarkeit mit	79.37985229492188	426.4016418457031	13.019989013671875	439.4432067871094	195
ALLBUS herzustellen16. Bei einer Auswertung auf Haushaltsebene findet gegen-	79.37983703613281	440.8302917480469	15.571380615234375	439.46397399902344	195
über der Personenbetrachtung eine Verschiebung hin zu niedrigeren Einkommen	79.37980651855469	460.3610534667969	13.019989013671875	439.37294006347656	195
statt, da größere Haushalte geringer gewichtet werden. Die Verteilung der Haus-	79.3797607421875	477.4016418457031	13.019989013671875	439.37677001953125	195
haltseinkommen im ALLBUS weist gegenüber dem Mikrozensus etwas höhere	79.37973022460938	494.3810119628906	13.019989013671875	439.3885192871094	195
Anteile bei Einkommen zwischen 1500 und 2600 Euro aus (2,3 Prozentpunkte mehr	79.37971496582031	511.3603820800781	13.019989013671875	439.37681579589844	195
auf Haushaltsebene). Dies hängt vermutlich mit dem vermehrten Auftreten von	79.38101196289062	528.4010009765625	13.019989013671875	439.4302673339844	195
Mehrpersonenhaushalten (vgl. Tabelle 5) im ALLBUS zusammen. In die höchste	79.38101196289062	545.38037109375	13.019989013671875	439.4210510253906	195
Einkommenskategorie (ab 2600 €) fallen in Westdeutschland geschätzte 27,2 % der	79.38101196289062	562.3597412109375	13.019989013671875	439.5617370605469	195
ALLBUS-Haushalte gegenüber 13,7 % in Ostdeutschland.	79.38101196289062	579.4002685546875	13.020004272460938	304.401123046875	195
15 ALLBUS-Haushalte, in denen selbständige Landwirte nachgewiesen werden konnten (Befrag-	79.37999725341797	699.405029296875	10.979995727539062	439.39575958251953	196
te(r) oder Ehepartner/in), wurden aus der Analyse ausgeschlossen, da im Mikrozensus kein	93.59945678710938	710.3850708007812	10.980003356933594	425.0610656738281	196
Haushaltsnettoeinkommen für diese Haushalte ermittelt wird.	93.59945678710938	721.4254760742188	10.980003356933594	270.7701110839844	196
16 Die dargestellten Mikrozensus-Auswertungen wurden dankenswerterweise von Michael Blohm	79.37999725341797	738.357177734375	11.027915954589844	439.3419876098633	196
(GESIS, Mannheim) mit der anonymisierten 70 % Unterstichprobe des Mikrozensus 2004 (ZU-	93.5994873046875	749.3850708007812	10.980003356933594	425.08843994140625	196
MA-File) durchgeführt.	93.5994873046875	760.4254760742188	10.980003356933594	104.50103759765625	196
ZA-Information 59	79.37999725341797	49.13330078125	13.97998046875	112.10701751708984	197
155	495.4653625488281	49.13330078125	13.97998046875	23.346588134765625	198
Tabelle 10	79.37999725341797	98.93804931640625	13.02001953125	55.597999572753906	199
Gemeindegrößenklassen	150.29994201660156	98.9814453125	13.02001953125	127.92021179199219	200
(eingeklammerte Daten sind nur eingeschränkt vergleichbar, siehe Text)	150.29994201660156	113.02093505859375	13.02001953125	362.44029235839844	200
Haushaltsebene	247.25985717773438	137.78759765625	10.02001953125	67.25823974609375	201
Personenebene	388.9200134277344	137.787353515625	10.02001953125	63.90753173828125	202
Gemeindegrößenklasse	85.0199966430664	155.36737060546875	10.02001953125	98.97858428955078	203
Angaben in %	85.0199966430664	168.7203369140625	10.02001953125	57.261314392089844	203
unter 5.000 Einwohner	85.0199966430664	184.74072265625	10.02001953125	91.95755767822266	203
5.000 bis unter 20.000 Einw.	85.0199966430664	200.28076171875	10.02001953125	115.86739349365234	203
20.000 bis unter 50.000 Einw.	85.0199966430664	215.7607421875	10.02001953125	120.91641998291016	203
50.000 bis unter 100.000 Einw.	85.0199966430664	231.30072021484375	10.02001953125	125.89424896240234	203
100.000 bis unter 500.000 Einw.	85.0199966430664	246.78076171875	10.02001953125	130.87529754638672	203
500.000 Einw. und mehr	85.0199966430664	262.2607421875	10.02001953125	99.16797637939453	203
MZ 2004	232.38014221191406	168.78045654296875	10.02001953125	37.54396057128906	204
14,5	249.42315673828125	184.74072265625	10.02001953125	17.55706787109375	204
23,9	249.4503173828125	200.28076171875	10.02001953125	17.551055908203125	204
17,9	249.45127868652344	215.7607421875	10.02001953125	17.551040649414062	204
9,1	254.49923706054688	231.30072021484375	10.02001953125	12.50396728515625	204
18,0	249.45828247070312	246.78076171875	10.02001953125	17.551055908203125	204
16,6	249.4342041015625	262.2607421875	10.02001953125	17.55706787109375	204
100,0	244.44021606445312	278.28076171875	10.02001953125	22.5279541015625	204
ALLBUS	291.1203918457031	157.2003173828125	10.02001953125	38.920684814453125	205
2004	300.6003112792969	168.7203369140625	10.02001953125	20.00994873046875	205
21,8	306.06622314453125	184.74072265625	10.02001953125	17.55706787109375	205
24,6	306.0843811035156	200.28076171875	10.02001953125	17.551055908203125	205
15,4	306.0853271484375	215.7607421875	10.02001953125	17.551055908203125	205
7,3	311.1282653808594	231.30072021484375	10.02001953125	12.50396728515625	205
16,6	306.09234619140625	246.78076171875	10.02001953125	17.551055908203125	205
14,3	306.0772705078125	262.2607421875	10.02001953125	17.55706787109375	205
100,0	301.0772399902344	278.28076171875	10.02001953125	22.527984619140625	205
MZ 2004	370.86053466796875	168.78045654296875	10.02001953125	37.543975830078125	206
(16,3)	382.749267578125	184.74072265625	10.02001953125	24.211334228515625	206
(25,7)	382.7584228515625	200.28076171875	10.02001953125	24.20233154296875	206
(18,3)	382.7593994140625	215.7607421875	10.02001953125	24.20233154296875	206
(8,9)	387.7983093261719	231.30072021484375	10.02001953125	19.186309814453125	206
(16,4)	382.76641845703125	246.78076171875	10.02001953125	24.20233154296875	206
(14,5)	382.76031494140625	262.2607421875	10.02001953125	24.211334228515625	206
(100,0)	377.75433349609375	278.28076171875	10.02001953125	29.20233154296875	206
ALLBUS	432.7200012207031	157.20074462890625	10.02001953125	38.920684814453125	207
2004	442.1398010253906	168.72076416015625	10.02001953125	20.00994873046875	207
23,0	446.287109375	184.74072265625	10.02001953125	17.55706787109375	207
25,9	446.28424072265625	200.28076171875	10.02001953125	17.551055908203125	207
15,3	446.28521728515625	215.7607421875	10.02001953125	17.551055908203125	207
7,0	451.35015869140625	231.30072021484375	10.02001953125	12.50396728515625	207
15,7	446.292236328125	246.78076171875	10.02001953125	17.551055908203125	207
13,0	446.29815673828125	262.2607421875	10.02001953125	17.55706787109375	207
100,0	441.3061828613281	278.28076171875	10.02001953125	22.527984619140625	207
Auffällig ist, dass im Bereich der politischen Gemeindegröße (Tabelle 10) die An-	79.37999725341797	306.40167236328125	13.02001953125	439.36511993408203	208
teile der Gemeinden mit unter 5000 Einwohnern im ALLBUS deutlich zu hoch	79.3800048828125	323.38104248046875	13.019989013671875	439.33123779296875	208
ausgewiesen werden – sowohl auf Haushalts- als auch auf Personenebene. Auf Per-	79.37997436523438	340.36041259765625	13.019989013671875	439.4080505371094	208
sonenebene sind für den Mikrozensus ausnahmsweise die tabellierten Daten der	79.37997436523438	357.4010009765625	13.019989013671875	439.4562683105469	208
amtlichen Statistik angegeben worden17, um abschätzen zu können, ob es sich bei	79.37995910644531	371.8302917480469	15.571380615234375	439.46226501464844	208
den Abweichungen des ALLBUS um einen Effekt der Gewichtung handelt. Dies ist	79.37942504882812	391.3610534667969	13.019989013671875	439.4510192871094	208
jedoch nicht der Fall. Das vergleichsweise häufige Auftreten kleiner Gemeinden im	79.37811279296875	408.4016418457031	13.019989013671875	439.4627685546875	208
ALLBUS ist vermutlich eine Folge größerer Kooperationsbereitschaft in ländlichen	79.37812805175781	425.3810119628906	13.019989013671875	439.48228454589844	208
Regionen. Zudem sinkt mit der Größe der Wohngemeinde unter Umständen die Er-	79.37812805175781	442.3603820800781	13.019989013671875	439.43931579589844	208
reichbarkeit der Befragten (vgl. Koch 1997b: 112f).	79.37811279296875	459.34417724609375	13.0767822265625	269.3187255859375	208
5	79.37812805175781	500.3380432128906	13.019989013671875	6.510002136230469	209
Fazit	107.75782775878906	500.3380432128906	13.019989013671875	28.117996215820312	210
Bei Analysen von haushaltsbezogenen Merkmalen mit dem ALLBUS 2004 (als	79.37813568115234	529.361328125	13.019989013671875	439.4080581665039	211
Personenstichprobe) ist die Berücksichtigung der Untersuchungseinheit von beson-	79.37811279296875	546.40185546875	13.019989013671875	439.40283203125	211
derer Bedeutung. Zielt die Fragestellung auf eine Aussage zur Gesamtheit der	79.37811279296875	563.3812255859375	13.019989013671875	439.44708251953125	211
Privathaushalte ab, so sollte die Designgewichtung (Transformationsgewicht) und	79.37809753417969	580.3606567382812	13.020004272460938	439.40553283691406	211
evtl. das haushaltsbezogene Ost-West-Gewicht eingesetzt werden. Insbesondere	79.37811279296875	597.4012451171875	13.020004272460938	439.50311279296875	211
Durchschnittswerte haushaltsbezogener Daten werden erst interpretierbar, wenn sie	79.37811279296875	614.380615234375	13.020004272460938	439.491455078125	211
auch auf Haushaltsebene berechnet werden. Die Notwendigkeit der Gewichtung	79.37811279296875	631.3599853515625	13.020004272460938	439.3885498046875	211
liegt insbesondere bei Merkmalen vor, die in einem starken Zusammenhang mit der	79.37809753417969	648.4005737304688	13.020004272460938	439.5408477783203	211
(reduzierten) Haushaltsgröße stehen.	79.37808227539062	665.3799438476562	13.020004272460938	190.97866821289062	211
17 Grundgesamtheit ist die Bevölkerung in Privathaushalten – im Gegensatz zu ALLBUS sind also	79.37999725341797	749.3850708007812	10.980003356933594	439.37818145751953	212
auch Minderjährige enthalten.	93.59944152832031	760.4254760742188	10.980003356933594	132.32215881347656	212
156	79.37999725341797	49.13330078125	13.97998046875	23.34101104736328	213
ZA-Information 59	406.75665283203125	49.13330078125	13.97998046875	112.0650634765625	214
Ein Vergleich ausgewählter Haushaltsmerkmale aus dem ALLBUS 2004 mit Daten	79.37999725341797	101.38104248046875	13.02001953125	439.3794631958008	215
der amtlichen Statistik zeigt, dass die meisten Verteilungen der Referenzdaten bei	79.37997436523438	118.421630859375	13.02001953125	439.4132995605469	215
Anwendung der Transformationsgewichtung gut abgebildet werden.	79.37997436523438	135.40234375	13.02001953125	355.31707763671875	215
Literatur	79.37999725341797	177.908447265625	10.97998046875	43.909019470214844	216
Funk, Walter (1989): HAUSHALT – Ein SPSSX-Programm zur Erfassung personaler Haushalts und Famili-	79.37999725341797	195.49371337890625	11.80706787109375	439.36304473876953	217
enstrukturen. In: ZUMA Nachrichten 25, S. 7-23	79.37998962402344	208.74066162109375	10.02001953125	195.82984924316406	217
Gabler, Siegfried (1994): Ost-West-Gewichtung der Daten der ALLBUS-Baseline-Studie 1991 und des	79.37998962402344	226.2169189453125	10.063720703125	439.40126037597656	218
ALLBUS 1992. In: ZUMA Nachrichten 35, S. 77-81.	79.3799819946289	237.72052001953125	10.02001953125	214.75060272216797	218
Haarmann, Alexander; Scholz, Evi; Wasmer, Martina; Blohm, Michael; Harkness, Janet (2006): Konzep-	79.3799819946289	255.19677734375	10.063720703125	439.35005950927734	219
tion und Durchführung der „Allgemeinen Bevölkerungsumfrage der Sozialwissenschaften“ (ALLBUS) 2004.	79.37896728515625	266.760498046875	10.02001953125	439.48907470703125	219
ZUMA-Methodenbericht 2006/06.	79.37896728515625	278.22039794921875	10.02001953125	138.9313201904297	219
Hartmann, Peter H. (1990): Wie repräsentativ sind Bevölkerungsumfragen? Ein Vergleich des ALLBUS	79.37896728515625	295.6966552734375	10.063720703125	439.423828125	220
und des Mikrozensus. In: ZUMA Nachrichten 26, S. 7-30.	79.37896728515625	307.2603759765625	10.02001953125	233.3787841796875	220
Koch, Achim (1997a): ADM-Design und Einwohnermelderegister-Stichproben. Stichprobenverfahren bei	79.37896728515625	324.676513671875	10.063720703125	439.50225830078125	221
mündlichen Bevölkerungsumfragen. In: Gabler, Siegfried; Hoffmeyer-Zlotnik, Jürgen H. P. (Hrsg.): Stich-	79.37896728515625	336.1965026855469	10.063720703125	439.46624755859375	221
proben in der Umfragepraxis. Opladen: Westdeutscher Verlag, S. 99-116.	79.37896728515625	347.76019287109375	10.02001953125	294.98687744140625	221
Koch, Achim (1997b): Teilnahmeverhalten beim ALLBUS 1994. Soziodemographische Determinanten von	79.37896728515625	365.17633056640625	10.063720703125	439.3538818359375	222
Erreichbarkeit, Befragungsfähigkeit und Kooperationsbereitschaft. In: Kölner Zeitschrift für Soziologie und	79.37896728515625	376.7400207519531	10.02001953125	439.30792236328125	222
Sozialpsychologie, 49, S. 98-122.	79.37896728515625	388.260009765625	10.02001953125	134.67987060546875	222
Koch, Achim; Kurz, Karin; Mahr-George, Holger; Wasmer, Martina (1999): Konzeption und Durchfüh-	79.37896728515625	405.6761474609375	10.063720703125	439.34307861328125	223
rung der „Allgemeinen Bevölkerungsumfrage der Sozialwissenschaften“ (ALLBUS) 1998. ZUMA-	79.3809814453125	417.2398376464844	10.02001953125	439.42303466796875	223
Arbeitsbericht 99/02.	79.3809814453125	428.75982666015625	10.02001953125	85.02169799804688	223
Lengerer, Andrea; Bohr, Jeanette; Janßen, Andrea (2005): Haushalte, Familien und Lebensformen im	79.3809814453125	446.17596435546875	10.063720703125	439.4482421875	224
Mikrozensus – Konzepte und Typisierungen. ZUMA-Arbeitsbericht Nr. 2005/05.	79.37997436523438	457.7396545410156	10.02001953125	326.12109375	224
Porst, Rolf (1984): Haushalte und Familien 1982. Zur Erfassung und Beschreibung von Haushalts- und Fa-	79.37997436523438	475.2159118652344	10.063720703125	439.5473937988281	225
milienstrukturen mit Hilfe repräsentativer Bevölkerungsumfragen. In: Zeitschrift für Soziologie, 13, S. 165-175.	79.37997436523438	486.719482421875	10.02001953125	438.5074768066406	225
Rösch, Günther (1994): Kriterien der Gewichtung einer nationalen Bevölkerungsstichprobe. In: Gabler,	79.37997436523438	504.1957092285156	10.063751220703125	439.3920593261719	226
Siegfried; Hoffmeyer-Zlotnik, Jürgen H. P.; Krebs, Dagmar (Hrsg.): Gewichtung in der Umfragepraxis.	79.37997436523438	515.6556396484375	10.063720703125	439.4532165527344	226
Opladen: Westdeutscher Verlag, S. 7-26.	79.37895202636719	527.2192993164062	10.02001953125	164.1676788330078	226
Rothe, Günther (1990): Wie (un)wichtig sind Gewichtungen? Eine Untersuchung am ALLBUS 1986. In:	79.37895202636719	544.695556640625	10.063720703125	439.4914093017578	227
ZUMA Nachrichten 26, S. 31-55.	79.37895965576172	556.1990966796875	10.02001953125	134.77703094482422	227
Statistisches Bundesamt (2005a): Bevölkerung und Erwerbstätigkeit, Haushalte und Familien, Ergebnisse	79.37896728515625	573.6754150390625	10.063720703125	439.44097900390625	228
des Mikrozensus 2004. Fachserie 1 / Reihe 3. Wiesbaden: Statistisches Bundesamt.	79.37896728515625	585.2390747070312	10.020004272460938	333.4686279296875	228
Statistisches Bundesamt (2005b): Wirtschaftsrechnungen, Einkommens- und Verbrauchsstichprobe – Auf-	79.37896728515625	602.6552124023438	10.063705444335938	439.539306640625	229
gabe, Methode und Durchführung der EVS 2003. Fachserie 15 / Heft 7. Wiesbaden: Statistisches Bundesamt.	79.37896728515625	614.2188720703125	10.020004272460938	438.12646484375	229
Terwey, Michael (2000): Der neue kumulierte ALLBUS 1980-1998: Vorgestellt mit einem Analysebeispiel	79.37896728515625	631.6951904296875	10.063705444335938	439.3841552734375	230
zur Furcht vor Arbeitslosigkeit und zur Datengewichtung. In: ZA-Information 46, S. 143-153.	79.37896728515625	643.19873046875	10.020004272460938	376.4101867675781	230
ZA (Zentralarchiv für Empirische Sozialforschung) und ZUMA (Zentrum für Umfragen, Methoden und	79.37896728515625	660.7952880859375	10.020004272460938	439.49151611328125	231
Analysen) (2005): ALLBUS 2004 (ZA-Studien-Nr. 3762), Surveydeskription, elektronisches Codebuch,	79.37896728515625	672.1950073242188	10.063705444335938	439.4163818359375	231
Datensatz, Köln: GESIS.	79.37896728515625	683.6986083984375	10.020004272460938	100.03970336914062	231